,record_id,month,day,year,district,city,rent,income
33320,33321,1,12,2002,1,DM,M,44
33321,33322,1,12,2002,1,DO,M,58
33322,33323,1,12,2002,1,PB,M,45
33323,33324,1,12,2002,1,AB,,
33324,33325,1,12,2002,1,DO,M,29
33325,33326,1,12,2002,2,OT,F,26
33326,33327,1,12,2002,2,OT,M,24
33327,33328,1,12,2002,2,OT,F,22
33328,33329,1,12,2002,2,DM,M,47
33329,33330,1,12,2002,2,DO,M,51
33330,33331,1,12,2002,2,PE,F,23
33331,33332,1,12,2002,2,OT,F,18
33332,33333,1,12,2002,2,OT,M,25
33333,33334,1,12,2002,2,OT,F,22
33334,33335,1,12,2002,2,DO,F,46
33335,33336,1,12,2002,2,DM,F,45
33336,33337,1,12,2002,2,PB,M,47
33337,33338,1,12,2002,2,PB,F,30
33338,33339,1,12,2002,2,NL,,
33339,33340,1,12,2002,12,DO,M,24
33340,33341,1,12,2002,12,PE,F,15
33341,33342,1,12,2002,12,DO,F,26
33342,33343,1,12,2002,12,DO,F,47
33343,33344,1,12,2002,12,DM,M,40
33344,33345,1,12,2002,12,DO,M,55
33345,33346,1,12,2002,12,PE,M,23
33346,33347,1,12,2002,12,DM,F,45
33347,33348,1,12,2002,19,PB,M,51
33348,33349,1,12,2002,19,PB,M,46
33349,33350,1,12,2002,19,PP,F,13
33350,33351,1,12,2002,19,PB,F,30
33351,33352,1,12,2002,19,PE,F,17
33352,33353,1,12,2002,19,OT,F,24
33353,33354,1,12,2002,19,OT,M,22
33354,33355,1,12,2002,19,PB,F,30
33355,33356,1,12,2002,19,PB,M,28
33356,33357,1,12,2002,19,OT,,20
33357,33358,1,12,2002,18,PB,F,28
33358,33359,1,12,2002,18,PB,M,32
33359,33360,1,12,2002,18,PB,M,44
33360,33361,1,12,2002,18,PB,F,26
33361,33362,1,12,2002,18,PB,F,27
33362,33363,1,12,2002,18,PB,F,26
33363,33364,1,12,2002,17,OT,F,18
33364,33365,1,12,2002,17,DM,M,49
33365,33366,1,12,2002,17,PB,F,31
33366,33367,1,12,2002,17,DM,F,47
33367,33368,1,12,2002,17,PB,M,27
33368,33369,1,12,2002,17,DM,F,48
33369,33370,1,12,2002,17,DM,M,42
33370,33371,1,12,2002,23,PE,M,18
33371,33372,1,12,2002,22,DM,M,51
33372,33373,1,12,2002,22,PB,M,39
33373,33374,1,12,2002,22,PB,F,30
33374,33375,1,12,2002,21,PB,M,32
33375,33376,1,12,2002,21,PB,F,30
33376,33377,1,12,2002,21,PB,F,30
33377,33378,1,12,2002,21,OT,M,
33378,33379,1,12,2002,21,PB,F,30
33379,33380,1,12,2002,21,PB,F,28
33380,33381,1,12,2002,21,PB,M,37
33381,33382,1,12,2002,21,PB,F,29
33382,33383,1,12,2002,7,,,
33383,33384,1,12,2002,20,,,
33384,33385,1,13,2002,3,,,
33385,33386,1,13,2002,4,,,
33386,33387,1,13,2002,5,,,
33387,33388,1,13,2002,6,,,
33388,33389,1,13,2002,8,,,
33389,33390,1,13,2002,9,,,
33390,33391,1,13,2002,10,,,
33391,33392,1,13,2002,11,,,
33392,33393,1,13,2002,13,,,
33393,33394,1,13,2002,14,,,
33394,33395,1,13,2002,15,,,
33395,33396,1,13,2002,16,,,
33396,33397,2,9,2002,1,RO,M,8
33397,33398,2,9,2002,1,DO,F,35
33398,33399,2,9,2002,1,PB,M,48
33399,33400,2,9,2002,1,DO,M,60
33400,33401,2,9,2002,1,DM,M,47
33401,33402,2,9,2002,1,DO,M,40
33402,33403,2,9,2002,1,OT,M,26
33403,33404,2,9,2002,2,PB,M,54
33404,33405,2,9,2002,2,RM,M,8
33405,33406,2,9,2002,2,DO,F,49
33406,33407,2,9,2002,2,DO,M,52
33407,33408,2,9,2002,2,PB,M,41
33408,33409,2,9,2002,2,PB,M,49
33409,33410,2,9,2002,2,DM,F,46
33410,33411,2,9,2002,2,PE,M,25
33411,33412,2,9,2002,2,PP,M,17
33412,33413,2,9,2002,2,SH,F,57
33413,33414,2,9,2002,2,PB,F,31
33414,33415,2,9,2002,2,NL,M,120
33415,33416,2,9,2002,3,PB,M,44
33416,33417,2,9,2002,3,DM,M,48
33417,33418,2,9,2002,3,PB,F,26
33418,33419,2,9,2002,3,DM,M,54
33419,33420,2,9,2002,3,OT,F,24
33420,33421,2,9,2002,3,PB,F,28
33421,33422,2,9,2002,3,PB,M,55
33422,33423,2,9,2002,3,DM,M,49
33423,33424,2,9,2002,3,DM,F,47
33424,33425,2,9,2002,3,DO,F,51
33425,33426,2,9,2002,3,DM,M,52
33426,33427,2,9,2002,3,PB,M,41
33427,33428,2,9,2002,3,PE,F,24
33428,33429,2,9,2002,3,PF,M,8
33429,33430,2,9,2002,3,PB,F,32
33430,33431,2,9,2002,3,DO,M,49
33431,33432,2,9,2002,3,OT,M,30
33432,33433,2,9,2002,3,PB,F,32
33433,33434,2,9,2002,3,DO,F,53
33434,33435,2,9,2002,3,DM,M,52
33435,33436,2,9,2002,3,PM,M,19
33436,33437,2,9,2002,24,PE,M,20
33437,33438,2,9,2002,12,PE,F,22
33438,33439,2,9,2002,12,DM,F,46
33439,33440,2,9,2002,12,DO,F,52
33440,33441,2,9,2002,12,DO,M,58
33441,33442,2,9,2002,12,DM,M,44
33442,33443,2,9,2002,12,AH,,
33443,33444,2,9,2002,17,PP,F,17
33444,33445,2,9,2002,17,DM,F,49
33445,33446,2,9,2002,17,PB,M,47
33446,33447,2,9,2002,17,OT,M,25
33447,33448,2,9,2002,17,PB,F,31
33448,33449,2,9,2002,17,DM,M,50
33449,33450,2,9,2002,17,DM,F,46
33450,33451,2,9,2002,17,DM,M,46
33451,33452,2,9,2002,17,NL,F,154
33452,33453,2,9,2002,17,AH,,
33453,33454,2,9,2002,18,RM,F,12
33454,33455,2,9,2002,18,PB,M,51
33455,33456,2,9,2002,18,PB,F,29
33456,33457,2,9,2002,18,PB,F,32
33457,33458,2,9,2002,18,PB,,
33458,33459,2,9,2002,18,PB,F,25
33459,33460,2,9,2002,18,PB,F,28
33460,33461,2,9,2002,19,RM,M,12
33461,33462,2,9,2002,19,PB,F,30
33462,33463,2,9,2002,19,PB,F,27
33463,33464,2,9,2002,19,PB,F,31
33464,33465,2,9,2002,19,PB,M,49
33465,33466,2,9,2002,19,PB,M,42
33466,33467,2,9,2002,19,OT,F,22
33467,33468,2,9,2002,19,PE,F,18
33468,33469,2,9,2002,22,DM,M,52
33469,33470,2,9,2002,22,PB,M,38
33470,33471,2,9,2002,22,PB,F,30
33471,33472,2,9,2002,22,DM,F,40
33472,33473,2,9,2002,22,PB,M,48
33473,33474,2,9,2002,21,PB,F,30
33474,33475,2,9,2002,21,PB,M,41
33475,33476,2,9,2002,21,PB,F,27
33476,33477,2,9,2002,21,PB,F,30
33477,33478,2,9,2002,21,PB,M,43
33478,33479,2,9,2002,21,PB,F,31
33479,33480,2,9,2002,21,PB,M,40
33480,33481,2,9,2002,21,PB,M,34
33481,33482,2,9,2002,21,PB,F,29
33482,33483,2,9,2002,20,RM,M,10
33483,33484,2,9,2002,20,PB,F,33
33484,33485,2,9,2002,20,PB,F,29
33485,33486,2,9,2002,20,PB,M,41
33486,33487,2,9,2002,20,PB,F,33
33487,33488,2,9,2002,20,OT,F,24
33488,33489,2,9,2002,23,PE,M,20
33489,33490,2,9,2002,23,RM,M,11
33490,33491,2,9,2002,23,PE,F,24
33491,33492,2,10,2002,4,DM,M,53
33492,33493,2,10,2002,4,DM,F,51
33493,33494,2,10,2002,4,DM,M,42
33494,33495,2,10,2002,4,DM,F,50
33495,33496,2,10,2002,4,DO,F,45
33496,33497,2,10,2002,4,PB,M,50
33497,33498,2,10,2002,4,PB,F,48
33498,33499,2,10,2002,4,PB,F,25
33499,33500,2,10,2002,6,PB,F,28
33500,33501,2,10,2002,6,PB,F,25
33501,33502,2,10,2002,6,PB,F,26
33502,33503,2,10,2002,6,PB,F,35
33503,33504,2,10,2002,6,PB,F,32
33504,33505,2,10,2002,6,PB,M,35
33505,33506,2,10,2002,6,DO,F,53
33506,33507,2,10,2002,6,DO,M,56
33507,33508,2,10,2002,6,OT,M,25
33508,33509,2,10,2002,6,PB,F,29
33509,33510,2,10,2002,6,PB,M,35
33510,33511,2,10,2002,6,NL,F,180
33511,33512,2,10,2002,11,DM,M,55
33512,33513,2,10,2002,11,DM,F,48
33513,33514,2,10,2002,11,DM,M,39
33514,33515,2,10,2002,11,DO,F,46
33515,33516,2,10,2002,11,DM,F,45
33516,33517,2,10,2002,11,DM,M,42
33517,33518,2,10,2002,11,DO,M,55
33518,33519,2,10,2002,9,DM,F,42
33519,33520,2,10,2002,9,DM,F,53
33520,33521,2,10,2002,9,DM,M,46
33521,33522,2,10,2002,9,DM,M,46
33522,33523,2,10,2002,9,DM,F,42
33523,33524,2,10,2002,8,DO,M,55
33524,33525,2,10,2002,8,PB,F,29
33525,33526,2,10,2002,8,PP,M,16
33526,33527,2,10,2002,8,PB,F,35
33527,33528,2,10,2002,8,PB,F,26
33528,33529,2,10,2002,8,DO,M,52
33529,33530,2,10,2002,8,DO,F,60
33530,33531,2,10,2002,8,DM,F,41
33531,33532,2,10,2002,8,DO,F,51
33532,33533,2,10,2002,8,PB,F,25
33533,33534,2,10,2002,8,DO,M,59
33534,33535,2,10,2002,13,PF,F,7
33535,33536,2,10,2002,13,OT,F,22
33536,33537,2,10,2002,13,PB,M,48
33537,33538,2,10,2002,13,PB,M,39
33538,33539,2,10,2002,13,OT,M,19
33539,33540,2,10,2002,13,PB,M,37
33540,33541,2,10,2002,13,PB,M,49
33541,33542,2,10,2002,13,PP,F,15
33542,33543,2,10,2002,14,DM,M,48
33543,33544,2,10,2002,14,AH,,
33544,33545,2,10,2002,14,DM,F,39
33545,33546,2,10,2002,14,OT,F,21
33546,33547,2,10,2002,14,DM,F,44
33547,33548,2,10,2002,14,DM,F,46
33548,33549,2,10,2002,14,NL,M,222
33549,33550,2,10,2002,15,PB,F,31
33550,33551,2,10,2002,15,RM,F,7
33551,33552,2,10,2002,15,AH,,
33552,33553,2,10,2002,15,AH,,
33553,33554,2,10,2002,15,RM,F,10
33554,33555,2,10,2002,15,PB,M,45
33555,33556,2,10,2002,5,RO,M,9
33556,33557,2,10,2002,5,RM,F,9
33557,33558,2,10,2002,16,PB,F,25
33558,33559,2,10,2002,16,DM,M,38
33559,33560,2,10,2002,16,DO,F,51
33560,33561,2,10,2002,10,RM,F,8
33561,33562,2,10,2002,10,DO,F,50
33562,33563,2,10,2002,10,DO,M,52
33563,33564,2,10,2002,10,DO,M,51
33564,33565,2,10,2002,10,RO,F,8
33565,33566,2,10,2002,7,DM,M,42
33566,33567,2,10,2002,7,DO,M,62
33567,33568,2,10,2002,7,DO,F,55
33568,33569,2,10,2002,7,DO,F,47
33569,33570,2,10,2002,7,DO,F,54
33570,33571,3,13,2002,1,DO,M,46
33571,33572,3,13,2002,1,DO,M,52
33572,33573,3,13,2002,1,PP,M,20
33573,33574,3,13,2002,1,DM,M,50
33574,33575,3,13,2002,1,DO,F,46
33575,33576,3,13,2002,1,PB,M,44
33576,33577,3,13,2002,1,DO,M,63
33577,33578,3,13,2002,2,PP,M,20
33578,33579,3,13,2002,2,DM,F,43
33579,33580,3,13,2002,2,DM,M,55
33580,33581,3,13,2002,2,DM,M,50
33581,33582,3,13,2002,2,DO,M,56
33582,33583,3,13,2002,2,NL,M,136
33583,33584,3,13,2002,2,PP,M,23
33584,33585,3,13,2002,2,OT,F,23
33585,33586,3,13,2002,2,NL,F,196
33586,33587,3,13,2002,2,DO,F,55
33587,33588,3,13,2002,2,PB,F,32
33588,33589,3,13,2002,12,DO,M,57
33589,33590,3,13,2002,12,PP,M,16
33590,33591,3,13,2002,12,DO,F,63
33591,33592,3,13,2002,12,DO,M,32
33592,33593,3,13,2002,12,DM,M,44
33593,33594,3,13,2002,12,PP,M,23
33594,33595,3,13,2002,19,PE,M,20
33595,33596,3,13,2002,19,PB,M,45
33596,33597,3,13,2002,19,PP,M,19
33597,33598,3,13,2002,19,PB,F,34
33598,33599,3,13,2002,19,PB,F,28
33599,33600,3,13,2002,19,PB,M,49
33600,33601,3,13,2002,19,AH,,
33601,33602,3,13,2002,18,PB,F,36
33602,33603,3,13,2002,18,PB,F,28
33603,33604,3,13,2002,18,PB,F,27
33604,33605,3,13,2002,18,RM,M,11
33605,33606,3,13,2002,18,OT,F,24
33606,33607,3,13,2002,18,PB,F,32
33607,33608,3,13,2002,17,DM,M,50
33608,33609,3,13,2002,17,DM,M,50
33609,33610,3,13,2002,17,PB,F,36
33610,33611,3,13,2002,17,DM,F,47
33611,33612,3,13,2002,17,OT,M,32
33612,33613,3,13,2002,17,SS,,
33613,33614,3,13,2002,17,DM,M,47
33614,33615,3,13,2002,17,PP,M,17
33615,33616,3,13,2002,17,DM,M,46
33616,33617,3,13,2002,17,DM,F,45
33617,33618,3,13,2002,17,DM,M,46
33618,33619,3,13,2002,17,OT,F,26
33619,33620,3,13,2002,22,DM,F,47
33620,33621,3,13,2002,22,PB,F,28
33621,33622,3,13,2002,22,PB,F,32
33622,33623,3,13,2002,22,PB,M,42
33623,33624,3,13,2002,22,DM,F,40
33624,33625,3,13,2002,22,PB,F,25
33625,33626,3,13,2002,22,DM,M,52
33626,33627,3,13,2002,21,PB,M,34
33627,33628,3,13,2002,21,PB,F,30
33628,33629,3,13,2002,21,NL,F,168
33629,33630,3,13,2002,21,PB,F,32
33630,33631,3,13,2002,21,PB,F,27
33631,33632,3,13,2002,21,PB,M,39
33632,33633,3,13,2002,21,PB,F,31
33633,33634,3,13,2002,20,AH,,
33634,33635,3,13,2002,20,NL,F,204
33635,33636,3,13,2002,20,PB,M,41
33636,33637,3,13,2002,20,PB,F,34
33637,33638,3,13,2002,20,PB,F,31
33638,33639,3,13,2002,20,PB,F,30
33639,33640,3,13,2002,23,,,
33640,33641,3,13,2002,24,,,
33641,33642,3,14,2002,3,PB,F,31
33642,33643,3,14,2002,3,PB,F,32
33643,33644,3,14,2002,3,DO,M,56
33644,33645,3,14,2002,3,PB,F,31
33645,33646,3,14,2002,3,DM,F,50
33646,33647,3,14,2002,3,PF,M,8
33647,33648,3,14,2002,3,PB,M,55
33648,33649,3,14,2002,3,PB,M,41
33649,33650,3,14,2002,3,DO,M,53
33650,33651,3,14,2002,3,PB,M,40
33651,33652,3,14,2002,3,DM,M,51
33652,33653,3,14,2002,3,PB,F,39
33653,33654,3,14,2002,4,PF,M,8
33654,33655,3,14,2002,4,DO,F,31
33655,33656,3,14,2002,4,DO,M,30
33656,33657,3,14,2002,4,PF,F,8
33657,33658,3,14,2002,4,DM,F,50
33658,33659,3,14,2002,4,PB,F,32
33659,33660,3,14,2002,4,PB,M,49
33660,33661,3,14,2002,4,DO,F,46
33661,33662,3,14,2002,4,PB,F,26
33662,33663,3,14,2002,4,DO,M,54
33663,33664,3,14,2002,4,DM,F,52
33664,33665,3,14,2002,4,DM,M,53
33665,33666,3,14,2002,6,NL,F,188
33666,33667,3,14,2002,6,PB,M,34
33667,33668,3,14,2002,6,PB,F,30
33668,33669,3,14,2002,6,OT,M,25
33669,33670,3,14,2002,6,PB,M,33
33670,33671,3,14,2002,6,PB,F,25
33671,33672,3,14,2002,6,PB,M,34
33672,33673,3,14,2002,6,PB,F,37
33673,33674,3,14,2002,6,PB,F,27
33674,33675,3,14,2002,6,OT,F,26
33675,33676,3,14,2002,6,DO,F,53
33676,33677,3,14,2002,6,PB,F,32
33677,33678,3,14,2002,6,PB,F,34
33678,33679,3,14,2002,6,SH,M,64
33679,33680,3,14,2002,6,DO,M,
33680,33681,3,14,2002,6,DO,M,59
33681,33682,3,14,2002,11,DM,M,49
33682,33683,3,14,2002,11,DM,F,42
33683,33684,3,14,2002,11,DM,M,47
33684,33685,3,14,2002,11,DM,F,45
33685,33686,3,14,2002,11,DM,M,51
33686,33687,3,14,2002,11,PP,F,18
33687,33688,3,14,2002,11,DM,M,59
33688,33689,3,14,2002,11,DM,M,48
33689,33690,3,14,2002,11,DO,M,63
33690,33691,3,14,2002,11,PB,F,30
33691,33692,3,14,2002,11,OT,F,29
33692,33693,3,14,2002,11,DO,M,54
33693,33694,3,14,2002,11,DO,F,54
33694,33695,3,14,2002,9,DM,F,46
33695,33696,3,14,2002,9,DM,M,47
33696,33697,3,14,2002,9,DM,F,49
33697,33698,3,14,2002,9,DM,M,52
33698,33699,3,14,2002,9,OT,M,30
33699,33700,3,14,2002,9,PE,F,23
33700,33701,3,14,2002,8,PB,F,37
33701,33702,3,14,2002,8,DM,F,42
33702,33703,3,14,2002,8,PB,F,26
33703,33704,3,14,2002,8,DO,M,61
33704,33705,3,14,2002,8,PB,F,32
33705,33706,3,14,2002,8,PP,M,15
33706,33707,3,14,2002,8,DO,F,58
33707,33708,3,14,2002,8,PB,F,26
33708,33709,3,14,2002,8,DO,M,55
33709,33710,3,14,2002,8,DO,M,61
33710,33711,3,14,2002,8,PP,M,18
33711,33712,3,14,2002,8,DO,F,53
33712,33713,3,14,2002,13,AB,,
33713,33714,3,14,2002,13,PB,M,38
33714,33715,3,14,2002,13,PB,M,45
33715,33716,3,14,2002,13,OT,F,23
33716,33717,3,14,2002,13,PF,M,7
33717,33718,3,14,2002,14,DM,F,48
33718,33719,3,14,2002,14,SS,,
33719,33720,3,14,2002,14,PP,M,19
33720,33721,3,14,2002,14,DM,F,36
33721,33722,3,14,2002,14,DM,M,50
33722,33723,3,14,2002,14,OT,F,25
33723,33724,3,14,2002,14,DM,F,42
33724,33725,3,14,2002,14,DM,M,48
33725,33726,3,14,2002,15,PP,M,17
33726,33727,3,14,2002,15,PP,F,15
33727,33728,3,14,2002,15,PB,F,34
33728,33729,3,14,2002,15,PB,M,43
33729,33730,3,14,2002,15,RM,F,7
33730,33731,3,14,2002,5,,,
33731,33732,3,14,2002,7,,,
33732,33733,3,14,2002,10,,,
33733,33734,3,14,2002,16,,,
33734,33735,4,16,2002,1,PP,M,21
33735,33736,4,16,2002,1,DO,M,51
33736,33737,4,16,2002,1,DO,F,44
33737,33738,4,16,2002,1,PP,F,18
33738,33739,4,16,2002,1,NL,M,227
33739,33740,4,16,2002,1,DM,F,32
33740,33741,4,16,2002,1,PP,F,17
33741,33742,4,16,2002,1,DM,M,48
33742,33743,4,16,2002,1,DO,M,58
33743,33744,4,16,2002,1,PB,M,40
33744,33745,4,16,2002,1,PP,M,17
33745,33746,4,16,2002,1,PP,F,15
33746,33747,4,16,2002,1,DO,M,52
33747,33748,4,16,2002,6,PB,M,38
33748,33749,4,16,2002,6,PE,F,31
33749,33750,4,16,2002,6,PP,F,17
33750,33751,4,16,2002,6,OT,F,26
33751,33752,4,16,2002,6,PP,F,16
33752,33753,4,16,2002,6,PB,M,34
33753,33754,4,16,2002,6,DO,M,35
33754,33755,4,16,2002,6,PB,F,32
33755,33756,4,16,2002,6,PP,M,20
33756,33757,4,16,2002,6,DO,M,56
33757,33758,4,16,2002,6,PB,F,43
33758,33759,4,16,2002,6,DO,F,54
33759,33760,4,16,2002,6,PB,F,36
33760,33761,4,16,2002,6,PB,M,36
33761,33762,4,16,2002,6,PB,M,43
33762,33763,4,16,2002,12,PP,F,19
33763,33764,4,16,2002,12,DM,M,45
33764,33765,4,16,2002,12,DO,F,51
33765,33766,4,16,2002,12,DO,M,48
33766,33767,4,16,2002,12,DO,M,42
33767,33768,4,16,2002,12,PP,F,16
33768,33769,4,16,2002,12,PI,M,18
33769,33770,4,16,2002,12,PP,F,17
33770,33771,4,16,2002,12,DM,M,44
33771,33772,4,16,2002,12,PP,F,17
33772,33773,4,16,2002,12,DO,M,54
33773,33774,4,16,2002,12,DM,F,46
33774,33775,4,16,2002,11,DO,M,34
33775,33776,4,16,2002,11,DO,F,46
33776,33777,4,16,2002,11,DO,M,61
33777,33778,4,16,2002,11,DO,M,34
33778,33779,4,16,2002,11,PB,F,31
33779,33780,4,16,2002,11,DM,F,43
33780,33781,4,16,2002,11,DO,F,56
33781,33782,4,16,2002,11,DM,M,57
33782,33783,4,16,2002,11,PP,F,20
33783,33784,4,16,2002,8,DO,F,62
33784,33785,4,16,2002,8,PP,M,20
33785,33786,4,16,2002,8,DO,M,53
33786,33787,4,16,2002,8,PP,F,18
33787,33788,4,16,2002,8,PP,F,15
33788,33789,4,16,2002,8,DO,M,55
33789,33790,4,16,2002,8,DO,M,54
33790,33791,4,16,2002,8,DM,F,40
33791,33792,4,16,2002,8,DO,M,62
33792,33793,4,16,2002,8,PP,M,20
33793,33794,4,16,2002,8,DM,M,
33794,33795,4,16,2002,8,PP,M,20
33795,33796,4,16,2002,8,PP,F,18
33796,33797,4,16,2002,8,PB,F,35
33797,33798,4,16,2002,8,PP,M,21
33798,33799,4,16,2002,8,PP,M,14
33799,33800,4,16,2002,8,DO,F,64
33800,33801,4,16,2002,8,DO,F,51
33801,33802,4,16,2002,8,PP,M,21
33802,33803,4,16,2002,13,PB,M,17
33803,33804,4,16,2002,13,PB,M,
33804,33805,4,16,2002,13,PB,M,44
33805,33806,4,16,2002,13,PB,M,38
33806,33807,4,16,2002,13,OT,M,24
33807,33808,4,16,2002,13,OT,F,22
33808,33809,4,16,2002,18,PB,F,36
33809,33810,4,16,2002,18,PB,F,30
33810,33811,4,16,2002,18,PB,M,15
33811,33812,4,16,2002,18,PB,M,36
33812,33813,4,16,2002,18,OT,F,26
33813,33814,4,16,2002,18,PB,F,35
33814,33815,4,16,2002,18,PB,M,48
33815,33816,4,16,2002,19,PP,M,17
33816,33817,4,16,2002,19,PB,F,37
33817,33818,4,16,2002,19,PB,M,27
33818,33819,4,16,2002,19,PP,M,15
33819,33820,4,16,2002,19,PP,F,17
33820,33821,4,16,2002,19,AH,,
33821,33822,4,16,2002,19,PB,M,49
33822,33823,4,16,2002,22,PB,F,31
33823,33824,4,16,2002,22,PB,F,31
33824,33825,4,16,2002,22,PB,M,
33825,33826,4,16,2002,22,SS,,
33826,33827,4,16,2002,22,OT,F,27
33827,33828,4,16,2002,22,PB,F,31
33828,33829,4,16,2002,22,PB,F,35
33829,33830,4,16,2002,22,DM,F,46
33830,33831,4,16,2002,7,,,
33831,33832,4,16,2002,23,,,
33832,33833,4,16,2002,24,,,
33833,33834,4,17,2002,2,PB,F,34
33834,33835,4,17,2002,2,DO,F,38
33835,33836,4,17,2002,2,DO,F,50
33836,33837,4,17,2002,2,NL,F,190
33837,33838,4,17,2002,2,OT,F,25
33838,33839,4,17,2002,2,SH,M,79
33839,33840,4,17,2002,2,OT,M,29
33840,33841,4,17,2002,2,PB,M,42
33841,33842,4,17,2002,2,DM,F,51
33842,33843,4,17,2002,2,PP,F,14
33843,33844,4,17,2002,2,DM,F,30
33844,33845,4,17,2002,2,PP,M,22
33845,33846,4,17,2002,2,PP,F,17
33846,33847,4,17,2002,2,NL,F,149
33847,33848,4,17,2002,3,DM,M,50
33848,33849,4,17,2002,3,DM,F,43
33849,33850,4,17,2002,3,PP,M,21
33850,33851,4,17,2002,3,DO,M,47
33851,33852,4,17,2002,3,PB,M,51
33852,33853,4,17,2002,3,PB,F,38
33853,33854,4,17,2002,3,PB,M,39
33854,33855,4,17,2002,3,PB,F,34
33855,33856,4,17,2002,3,PB,F,39
33856,33857,4,17,2002,3,DO,M,53
33857,33858,4,17,2002,3,PP,M,21
33858,33859,4,17,2002,3,DO,F,56
33859,33860,4,17,2002,3,PP,F,16
33860,33861,4,17,2002,3,PB,F,32
33861,33862,4,17,2002,3,PP,F,15
33862,33863,4,17,2002,3,OT,M,31
33863,33864,4,17,2002,4,DO,F,60
33864,33865,4,17,2002,4,DM,F,47
33865,33866,4,17,2002,4,PP,F,16
33866,33867,4,17,2002,4,DO,M,30
33867,33868,4,17,2002,4,DO,M,56
33868,33869,4,17,2002,4,PF,F,8
33869,33870,4,17,2002,4,PF,M,7
33870,33871,4,17,2002,4,DM,M,52
33871,33872,4,17,2002,4,PB,F,35
33872,33873,4,17,2002,4,OT,F,28
33873,33874,4,17,2002,4,PB,M,24
33874,33875,4,17,2002,4,PP,F,18
33875,33876,4,17,2002,4,DM,F,55
33876,33877,4,17,2002,4,PB,M,48
33877,33878,4,17,2002,9,DM,F,57
33878,33879,4,17,2002,9,DM,F,50
33879,33880,4,17,2002,9,PP,F,17
33880,33881,4,17,2002,9,PP,M,
33881,33882,4,17,2002,9,PP,M,17
33882,33883,4,17,2002,9,OT,F,26
33883,33884,4,17,2002,9,PP,M,24
33884,33885,4,17,2002,9,SS,,
33885,33886,4,17,2002,9,DM,M,48
33886,33887,4,17,2002,9,DM,F,45
33887,33888,4,17,2002,9,PP,F,16
33888,33889,4,17,2002,9,PP,M,19
33889,33890,4,17,2002,9,DM,M,56
33890,33891,4,17,2002,14,DM,M,48
33891,33892,4,17,2002,14,OT,F,27
33892,33893,4,17,2002,14,DM,F,43
33893,33894,4,17,2002,14,DM,F,43
33894,33895,4,17,2002,14,PP,M,21
33895,33896,4,17,2002,14,OT,M,24
33896,33897,4,17,2002,14,DM,M,49
33897,33898,4,17,2002,14,DM,M,43
33898,33899,4,17,2002,14,DM,F,47
33899,33900,4,17,2002,14,DM,M,27
33900,33901,4,17,2002,14,DM,M,50
33901,33902,4,17,2002,15,SH,M,51
33902,33903,4,17,2002,15,AH,,
33903,33904,4,17,2002,15,PP,F,17
33904,33905,4,17,2002,15,PP,M,18
33905,33906,4,17,2002,15,PB,F,43
33906,33907,4,17,2002,15,PB,M,23
33907,33908,4,17,2002,15,SH,M,55
33908,33909,4,17,2002,15,PP,F,15
33909,33910,4,17,2002,15,PP,M,20
33910,33911,4,17,2002,15,PP,F,18
33911,33912,4,17,2002,15,PB,F,19
33912,33913,4,17,2002,21,PB,F,40
33913,33914,4,17,2002,21,PB,F,36
33914,33915,4,17,2002,21,PB,F,33
33915,33916,4,17,2002,21,PB,F,30
33916,33917,4,17,2002,21,PB,F,31
33917,33918,4,17,2002,21,PB,M,39
33918,33919,4,17,2002,20,PB,M,41
33919,33920,4,17,2002,20,PB,F,34
33920,33921,4,17,2002,20,PB,F,35
33921,33922,4,17,2002,20,PB,F,34
33922,33923,4,17,2002,20,PB,M,39
33923,33924,4,17,2002,20,NL,F,170
33924,33925,4,17,2002,17,PP,F,19
33925,33926,4,17,2002,17,DM,M,50
33926,33927,4,17,2002,17,PP,M,15
33927,33928,4,17,2002,17,PB,F,47
33928,33929,4,17,2002,17,DM,M,56
33929,33930,4,17,2002,17,DM,F,48
33930,33931,4,17,2002,17,DM,F,47
33931,33932,4,17,2002,17,PP,M,20
33932,33933,4,17,2002,17,NL,F,174
33933,33934,4,17,2002,5,,,
33934,33935,4,17,2002,10,,,
33935,33936,4,17,2002,16,,,
33936,33937,5,15,2002,1,PP,M,15
33937,33938,5,15,2002,1,DO,F,51
33938,33939,5,15,2002,1,PP,F,20
33939,33940,5,15,2002,1,PP,M,15
33940,33941,5,15,2002,1,PB,M,23
33941,33942,5,15,2002,1,PB,F,25
33942,33943,5,15,2002,1,PB,F,39
33943,33944,5,15,2002,1,DM,M,47
33944,33945,5,15,2002,1,DM,F,35
33945,33946,5,15,2002,1,PP,F,17
33946,33947,5,15,2002,1,DO,M,37
33947,33948,5,15,2002,1,PB,M,43
33948,33949,5,15,2002,1,DO,M,52
33949,33950,5,15,2002,1,NL,M,205
33950,33951,5,15,2002,1,NL,F,138
33951,33952,5,15,2002,2,OT,F,27
33952,33953,5,15,2002,2,PE,F,16
33953,33954,5,15,2002,2,PB,M,17
33954,33955,5,15,2002,2,PB,F,19
33955,33956,5,15,2002,2,PB,F,41
33956,33957,5,15,2002,2,PP,M,22
33957,33958,5,15,2002,2,DM,F,41
33958,33959,5,15,2002,2,PP,F,20
33959,33960,5,15,2002,2,DO,M,52
33960,33961,5,15,2002,2,DO,F,
33961,33962,5,15,2002,2,PB,F,19
33962,33963,5,15,2002,2,PE,M,21
33963,33964,5,15,2002,2,PB,F,34
33964,33965,5,15,2002,2,PP,F,18
33965,33966,5,15,2002,2,NL,F,188
33966,33967,5,15,2002,12,DO,M,45
33967,33968,5,15,2002,12,DO,M,47
33968,33969,5,15,2002,12,DM,F,53
33969,33970,5,15,2002,12,PP,M,24
33970,33971,5,15,2002,12,PP,F,21
33971,33972,5,15,2002,12,PP,F,20
33972,33973,5,15,2002,12,PE,F,24
33973,33974,5,15,2002,12,PP,M,17
33974,33975,5,15,2002,12,DM,M,44
33975,33976,5,15,2002,12,DO,F,63
33976,33977,5,15,2002,12,PP,M,19
33977,33978,5,15,2002,12,PE,M,23
33978,33979,5,15,2002,12,PP,M,18
33979,33980,5,15,2002,12,DO,M,51
33980,33981,5,15,2002,19,PP,M,20
33981,33982,5,15,2002,19,PB,F,17
33982,33983,5,15,2002,19,PB,M,17
33983,33984,5,15,2002,19,PB,M,45
33984,33985,5,15,2002,19,PP,M,21
33985,33986,5,15,2002,19,PB,F,36
33986,33987,5,15,2002,19,PB,F,34
33987,33988,5,15,2002,19,PP,F,13
33988,33989,5,15,2002,19,PB,F,33
33989,33990,5,15,2002,19,PP,M,17
33990,33991,5,15,2002,19,PP,F,18
33991,33992,5,15,2002,19,SS,,
33992,33993,5,15,2002,18,PB,F,20
33993,33994,5,15,2002,18,PB,F,31
33994,33995,5,15,2002,18,PB,M,33
33995,33996,5,15,2002,18,PB,M,45
33996,33997,5,15,2002,18,PB,F,30
33997,33998,5,15,2002,18,PB,M,13
33998,33999,5,15,2002,18,PB,F,20
33999,34000,5,15,2002,18,PB,F,16
34000,34001,5,15,2002,18,PB,F,35
34001,34002,5,15,2002,17,DM,M,41
34002,34003,5,15,2002,17,DM,M,54
34003,34004,5,15,2002,17,DM,F,46
34004,34005,5,15,2002,17,PB,F,35
34005,34006,5,15,2002,17,PP,M,19
34006,34007,5,15,2002,17,PP,F,18
34007,34008,5,15,2002,17,DM,M,51
34008,34009,5,15,2002,17,DM,F,47
34009,34010,5,15,2002,17,PB,M,45
34010,34011,5,15,2002,17,DM,M,46
34011,34012,5,15,2002,17,NL,M,169
34012,34013,5,15,2002,20,PB,M,14
34013,34014,5,15,2002,20,PB,F,16
34014,34015,5,15,2002,20,RM,M,10
34015,34016,5,15,2002,20,PB,M,17
34016,34017,5,15,2002,20,PB,F,36
34017,34018,5,15,2002,20,PB,F,35
34018,34019,5,15,2002,20,OT,F,26
34019,34020,5,15,2002,20,PB,M,38
34020,34021,5,15,2002,20,PB,M,41
34021,34022,5,15,2002,20,NL,F,171
34022,34023,5,15,2002,21,PB,F,32
34023,34024,5,15,2002,21,PB,F,36
34024,34025,5,15,2002,21,PB,F,13
34025,34026,5,15,2002,21,PB,F,31
34026,34027,5,15,2002,21,PB,M,37
34027,34028,5,15,2002,21,PB,M,21
34028,34029,5,15,2002,21,PB,M,39
34029,34030,5,15,2002,21,PB,F,15
34030,34031,5,15,2002,21,PB,F,30
34031,34032,5,15,2002,21,PB,F,41
34032,34033,5,15,2002,22,PB,F,30
34033,34034,5,15,2002,22,DM,M,26
34034,34035,5,15,2002,22,DM,M,49
34035,34036,5,15,2002,22,PB,M,17
34036,34037,5,15,2002,22,PB,M,16
34037,34038,5,15,2002,22,PB,M,32
34038,34039,5,15,2002,22,PB,F,35
34039,34040,5,15,2002,22,PB,M,37
34040,34041,5,15,2002,22,PB,F,29
34041,34042,5,15,2002,23,PE,M,11
34042,34043,5,15,2002,24,PE,M,20
34043,34044,5,15,2002,24,PE,F,24
34044,34045,5,15,2002,7,PP,F,16
34045,34046,5,15,2002,7,PE,,
34046,34047,5,15,2002,7,PP,F,19
34047,34048,5,16,2002,3,PB,F,17
34048,34049,5,16,2002,3,DO,F,55
34049,34050,5,16,2002,3,DM,F,48
34050,34051,5,16,2002,3,PB,F,39
34051,34052,5,16,2002,3,PP,M,21
34052,34053,5,16,2002,3,PP,M,20
34053,34054,5,16,2002,3,PB,M,48
34054,34055,5,16,2002,3,PB,F,32
34055,34056,5,16,2002,3,PB,F,18
34056,34057,5,16,2002,3,PF,F,9
34057,34058,5,16,2002,3,PP,F,17
34058,34059,5,16,2002,3,PP,M,20
34059,34060,5,16,2002,3,DM,M,55
34060,34061,5,16,2002,3,PB,M,37
34061,34062,5,16,2002,3,PB,M,39
34062,34063,5,16,2002,3,DO,M,52
34063,34064,5,16,2002,3,PP,F,18
34064,34065,5,16,2002,3,DO,M,32
34065,34066,5,16,2002,3,DO,M,29
34066,34067,5,16,2002,3,DM,F,50
34067,34068,5,16,2002,3,DM,M,48
34068,34069,5,16,2002,4,DM,F,46
34069,34070,5,16,2002,4,PB,M,18
34070,34071,5,16,2002,4,PF,M,7
34071,34072,5,16,2002,4,PP,F,17
34072,34073,5,16,2002,4,DO,M,
34073,34074,5,16,2002,4,PP,F,22
34074,34075,5,16,2002,4,DO,M,50
34075,34076,5,16,2002,4,DM,F,49
34076,34077,5,16,2002,4,DM,M,51
34077,34078,5,16,2002,4,PB,M,22
34078,34079,5,16,2002,4,DO,F,50
34079,34080,5,16,2002,6,PB,F,32
34080,34081,5,16,2002,6,DO,M,55
34081,34082,5,16,2002,6,PB,F,29
34082,34083,5,16,2002,6,DO,F,24
34083,34084,5,16,2002,6,PB,M,35
34084,34085,5,16,2002,6,PB,M,32
34085,34086,5,16,2002,6,DO,F,55
34086,34087,5,16,2002,6,PB,F,32
34087,34088,5,16,2002,6,PB,F,32
34088,34089,5,16,2002,6,DO,M,44
34089,34090,5,16,2002,6,PB,F,17
34090,34091,5,16,2002,6,SH,F,75
34091,34092,5,16,2002,6,PP,M,21
34092,34093,5,16,2002,6,PB,F,17
34093,34094,5,16,2002,6,PP,F,20
34094,34095,5,16,2002,6,PB,M,19
34095,34096,5,16,2002,6,PP,M,20
34096,34097,5,16,2002,6,DO,M,24
34097,34098,5,16,2002,6,PB,M,23
34098,34099,5,16,2002,6,PP,F,22
34099,34100,5,16,2002,6,PB,F,36
34100,34101,5,16,2002,6,PB,F,36
34101,34102,5,16,2002,6,PP,M,17
34102,34103,5,16,2002,11,DM,M,46
34103,34104,5,16,2002,11,PE,F,27
34104,34105,5,16,2002,11,PB,F,31
34105,34106,5,16,2002,11,DO,M,52
34106,34107,5,16,2002,11,SS,,
34107,34108,5,16,2002,11,DO,M,37
34108,34109,5,16,2002,11,DO,M,56
34109,34110,5,16,2002,11,DO,F,45
34110,34111,5,16,2002,11,PE,M,22
34111,34112,5,16,2002,11,PP,F,20
34112,34113,5,16,2002,11,SS,,
34113,34114,5,16,2002,11,DO,F,37
34114,34115,5,16,2002,9,SH,,
34115,34116,5,16,2002,9,DM,M,49
34116,34117,5,16,2002,9,PP,M,
34117,34118,5,16,2002,9,DM,M,45
34118,34119,5,16,2002,9,PP,M,20
34119,34120,5,16,2002,9,PP,F,18
34120,34121,5,16,2002,9,PP,M,18
34121,34122,5,16,2002,9,DM,F,45
34122,34123,5,16,2002,9,PP,F,17
34123,34124,5,16,2002,9,OT,F,26
34124,34125,5,16,2002,9,DM,M,48
34125,34126,5,16,2002,9,DM,F,25
34126,34127,5,16,2002,9,DM,F,64
34127,34128,5,16,2002,8,PP,M,20
34128,34129,5,16,2002,8,PP,M,21
34129,34130,5,16,2002,8,DO,F,60
34130,34131,5,16,2002,8,PB,F,12
34131,34132,5,16,2002,8,DM,M,42
34132,34133,5,16,2002,8,DM,F,43
34133,34134,5,16,2002,8,DO,F,47
34134,34135,5,16,2002,8,DO,M,49
34135,34136,5,16,2002,8,PP,F,18
34136,34137,5,16,2002,8,OT,M,11
34137,34138,5,16,2002,8,PB,F,29
34138,34139,5,16,2002,8,PP,M,17
34139,34140,5,16,2002,8,PP,F,13
34140,34141,5,16,2002,8,PP,M,12
34141,34142,5,16,2002,8,DO,M,44
34142,34143,5,16,2002,8,PB,F,46
34143,34144,5,16,2002,8,PB,F,18
34144,34145,5,16,2002,8,PB,F,14
34145,34146,5,16,2002,8,DO,F,44
34146,34147,5,16,2002,8,DO,M,57
34147,34148,5,16,2002,13,PB,M,40
34148,34149,5,16,2002,13,OT,M,
34149,34150,5,16,2002,13,OT,F,23
34150,34151,5,16,2002,13,PB,M,41
34151,34152,5,16,2002,13,PB,M,23
34152,34153,5,16,2002,13,PB,M,26
34153,34154,5,16,2002,13,PB,F,26
34154,34155,5,16,2002,13,PB,F,42
34155,34156,5,16,2002,14,DM,M,36
34156,34157,5,16,2002,14,PP,M,18
34157,34158,5,16,2002,14,DM,M,48
34158,34159,5,16,2002,14,DM,M,47
34159,34160,5,16,2002,14,DM,M,42
34160,34161,5,16,2002,14,DM,F,37
34161,34162,5,16,2002,14,DM,M,47
34162,34163,5,16,2002,14,DM,M,48
34163,34164,5,16,2002,14,DM,F,52
34164,34165,5,16,2002,15,PP,F,15
34165,34166,5,16,2002,15,PB,M,24
34166,34167,5,16,2002,15,PB,F,33
34167,34168,5,16,2002,15,PP,F,20
34168,34169,5,16,2002,15,PP,M,18
34169,34170,5,16,2002,15,PP,F,20
34170,34171,5,16,2002,15,AH,,
34171,34172,5,16,2002,15,PB,F,23
34172,34173,5,16,2002,15,AH,,
34173,34174,5,16,2002,5,RM,M,11
34174,34175,5,16,2002,16,PB,M,35
34175,34176,5,16,2002,16,DO,M,52
34176,34177,5,16,2002,16,PE,M,13
34177,34178,5,16,2002,16,PB,M,36
34178,34179,5,16,2002,10,,,
34179,34180,6,15,2002,1,DO,F,39
34180,34181,6,15,2002,1,PB,F,29
34181,34182,6,15,2002,1,PB,F,30
34182,34183,6,15,2002,1,PP,F,11
34183,34184,6,15,2002,1,PP,M,23
34184,34185,6,15,2002,1,PP,M,21
34185,34186,6,15,2002,1,PP,M,17
34186,34187,6,15,2002,1,PP,F,23
34187,34188,6,15,2002,1,DM,M,49
34188,34189,6,15,2002,1,PB,M,30
34189,34190,6,15,2002,1,DM,F,45
34190,34191,6,15,2002,1,PB,M,43
34191,34192,6,15,2002,2,DM,F,50
34192,34193,6,15,2002,2,PP,F,9
34193,34194,6,15,2002,2,PE,F,25
34194,34195,6,15,2002,2,PB,M,32
34195,34196,6,15,2002,2,PB,F,45
34196,34197,6,15,2002,2,PP,M,22
34197,34198,6,15,2002,2,NL,F,139
34198,34199,6,15,2002,12,DM,F,50
34199,34200,6,15,2002,12,PP,M,22
34200,34201,6,15,2002,12,DO,F,47
34201,34202,6,15,2002,12,PP,F,21
34202,34203,6,15,2002,12,PP,M,18
34203,34204,6,15,2002,12,DO,M,52
34204,34205,6,15,2002,12,PE,F,23
34205,34206,6,15,2002,12,PP,F,19
34206,34207,6,15,2002,12,DO,M,54
34207,34208,6,15,2002,12,PP,F,18
34208,34209,6,15,2002,12,OT,F,35
34209,34210,6,15,2002,19,PB,F,24
34210,34211,6,15,2002,19,PP,F,17
34211,34212,6,15,2002,19,PP,M,18
34212,34213,6,15,2002,19,PP,F,18
34213,34214,6,15,2002,19,PB,F,31
34214,34215,6,15,2002,19,PP,F,18
34215,34216,6,15,2002,19,PP,M,18
34216,34217,6,15,2002,19,PB,M,23
34217,34218,6,15,2002,19,PB,F,34
34218,34219,6,15,2002,19,PB,F,23
34219,34220,6,15,2002,19,PB,M,43
34220,34221,6,15,2002,19,PP,M,18
34221,34222,6,15,2002,22,PB,F,35
34222,34223,6,15,2002,22,PB,F,26
34223,34224,6,15,2002,22,PB,M,24
34224,34225,6,15,2002,22,PB,F,25
34225,34226,6,15,2002,22,PB,M,35
34226,34227,6,15,2002,22,PB,F,29
34227,34228,6,15,2002,22,PB,M,
34228,34229,6,15,2002,22,PB,M,39
34229,34230,6,15,2002,22,PB,M,23
34230,34231,6,15,2002,22,PB,M,25
34231,34232,6,15,2002,18,PB,F,34
34232,34233,6,15,2002,18,PB,F,28
34233,34234,6,15,2002,18,PB,F,19
34234,34235,6,15,2002,18,PB,F,25
34235,34236,6,15,2002,18,PB,F,23
34236,34237,6,15,2002,18,PB,M,18
34237,34238,6,15,2002,18,PB,M,33
34238,34239,6,15,2002,18,PB,F,20
34239,34240,6,15,2002,18,PB,F,20
34240,34241,6,15,2002,18,PB,M,45
34241,34242,6,15,2002,18,PB,F,20
34242,34243,6,15,2002,18,PB,M,33
34243,34244,6,15,2002,17,PB,M,47
34244,34245,6,15,2002,17,DM,M,50
34245,34246,6,15,2002,17,PB,M,24
34246,34247,6,15,2002,17,DM,F,50
34247,34248,6,15,2002,17,DO,M,50
34248,34249,6,15,2002,17,PP,F,13
34249,34250,6,15,2002,17,PB,F,38
34250,34251,6,15,2002,17,PP,F,17
34251,34252,6,15,2002,17,PB,M,28
34252,34253,6,15,2002,17,DM,F,50
34253,34254,6,15,2002,17,PB,F,25
34254,34255,6,15,2002,17,DM,M,51
34255,34256,6,15,2002,17,DM,F,26
34256,34257,6,15,2002,17,AH,,
34257,34258,6,15,2002,17,PB,F,20
34258,34259,6,15,2002,21,PB,F,30
34259,34260,6,15,2002,21,PB,F,22
34260,34261,6,15,2002,21,PB,F,33
34261,34262,6,15,2002,21,PB,M,21
34262,34263,6,15,2002,21,PB,M,40
34263,34264,6,15,2002,21,PB,M,28
34264,34265,6,15,2002,21,PB,F,23
34265,34266,6,15,2002,21,PB,F,33
34266,34267,6,15,2002,21,PB,F,32
34267,34268,6,15,2002,21,PB,F,21
34268,34269,6,15,2002,21,PB,F,31
34269,34270,6,15,2002,20,AH,,
34270,34271,6,15,2002,20,PB,F,22
34271,34272,6,15,2002,20,PB,M,40
34272,34273,6,15,2002,20,PB,M,42
34273,34274,6,15,2002,20,PB,F,33
34274,34275,6,15,2002,20,PB,F,29
34275,34276,6,15,2002,20,PE,M,
34276,34277,6,15,2002,20,NL,F,164
34277,34278,6,15,2002,24,PE,M,15
34278,34279,6,15,2002,24,NL,M,139
34279,34280,6,15,2002,23,RM,M,7
34280,34281,6,15,2002,23,RM,F,9
34281,34282,6,15,2002,7,PP,F,23
34282,34283,6,15,2002,7,OT,,
34283,34284,6,15,2002,7,PP,M,18
34284,34285,6,15,2002,7,PP,F,27
34285,34286,6,15,2002,7,PP,F,16
34286,34287,6,15,2002,7,AH,,
34287,34288,6,16,2002,3,DO,F,55
34288,34289,6,16,2002,3,PB,F,32
34289,34290,6,16,2002,3,DM,F,44
34290,34291,6,16,2002,3,PP,M,12
34291,34292,6,16,2002,3,PP,F,11
34292,34293,6,16,2002,3,PB,M,34
34293,34294,6,16,2002,3,PP,F,18
34294,34295,6,16,2002,3,PI,M,21
34295,34296,6,16,2002,3,PB,M,36
34296,34297,6,16,2002,3,DM,M,53
34297,34298,6,16,2002,3,PP,F,16
34298,34299,6,16,2002,3,PB,F,34
34299,34300,6,16,2002,4,PB,F,23
34300,34301,6,16,2002,4,PP,F,18
34301,34302,6,16,2002,4,PP,F,15
34302,34303,6,16,2002,4,PP,F,20
34303,34304,6,16,2002,4,DM,F,46
34304,34305,6,16,2002,4,PB,M,28
34305,34306,6,16,2002,4,PB,M,48
34306,34307,6,16,2002,4,DO,M,50
34307,34308,6,16,2002,4,DM,F,50
34308,34309,6,16,2002,4,PB,F,27
34309,34310,6,16,2002,4,PE,F,22
34310,34311,6,16,2002,4,PP,M,16
34311,34312,6,16,2002,6,PB,F,38
34312,34313,6,16,2002,6,PP,M,8
34313,34314,6,16,2002,6,PB,M,36
34314,34315,6,16,2002,6,PP,F,17
34315,34316,6,16,2002,6,PB,F,28
34316,34317,6,16,2002,6,PP,F,15
34317,34318,6,16,2002,6,DO,M,43
34318,34319,6,16,2002,6,PP,F,19
34319,34320,6,16,2002,6,PP,M,18
34320,34321,6,16,2002,6,PB,F,33
34321,34322,6,16,2002,6,DM,M,33
34322,34323,6,16,2002,6,PB,M,22
34323,34324,6,16,2002,6,PB,F,29
34324,34325,6,16,2002,6,DO,F,50
34325,34326,6,16,2002,6,PB,,
34326,34327,6,16,2002,11,DO,M,41
34327,34328,6,16,2002,11,DO,M,49
34328,34329,6,16,2002,11,PP,F,19
34329,34330,6,16,2002,11,OT,M,23
34330,34331,6,16,2002,11,DO,F,40
34331,34332,6,16,2002,11,DO,M,43
34332,34333,6,16,2002,11,PP,F,10
34333,34334,6,16,2002,11,PP,M,20
34334,34335,6,16,2002,11,DO,F,44
34335,34336,6,16,2002,11,PP,M,20
34336,34337,6,16,2002,9,PP,F,9
34337,34338,6,16,2002,9,OT,F,
34338,34339,6,16,2002,9,DM,M,25
34339,34340,6,16,2002,9,PP,F,17
34340,34341,6,16,2002,9,DM,F,48
34341,34342,6,16,2002,9,DM,M,48
34342,34343,6,16,2002,9,DM,F,41
34343,34344,6,16,2002,9,PP,M,17
34344,34345,6,16,2002,9,PP,M,10
34345,34346,6,16,2002,9,DM,M,22
34346,34347,6,16,2002,9,PP,F,11
34347,34348,6,16,2002,9,PP,F,18
34348,34349,6,16,2002,8,DM,M,42
34349,34350,6,16,2002,8,DO,M,49
34350,34351,6,16,2002,8,DO,M,36
34351,34352,6,16,2002,8,DO,F,48
34352,34353,6,16,2002,8,PP,M,9
34353,34354,6,16,2002,8,PB,M,21
34354,34355,6,16,2002,8,DO,M,51
34355,34356,6,16,2002,8,DO,M,26
34356,34357,6,16,2002,8,PB,F,21
34357,34358,6,16,2002,8,PB,F,36
34358,34359,6,16,2002,8,PP,M,21
34359,34360,6,16,2002,8,DO,M,55
34360,34361,6,16,2002,8,DO,M,45
34361,34362,6,16,2002,8,PB,M,18
34362,34363,6,16,2002,8,PP,M,11
34363,34364,6,16,2002,8,PP,M,21
34364,34365,6,16,2002,8,PP,F,18
34365,34366,6,16,2002,8,DO,F,51
34366,34367,6,16,2002,13,PB,M,26
34367,34368,6,16,2002,13,PE,M,19
34368,34369,6,16,2002,13,PB,M,41
34369,34370,6,16,2002,13,PB,M,42
34370,34371,6,16,2002,13,PB,F,30
34371,34372,6,16,2002,13,DO,F,41
34372,34373,6,16,2002,13,PB,F,31
34373,34374,6,16,2002,13,PB,M,26
34374,34375,6,16,2002,13,PB,F,27
34375,34376,6,16,2002,13,PB,F,37
34376,34377,6,16,2002,13,AH,,
34377,34378,6,16,2002,14,DM,F,46
34378,34379,6,16,2002,14,DM,M,46
34379,34380,6,16,2002,14,PP,M,17
34380,34381,6,16,2002,14,PP,M,9
34381,34382,6,16,2002,14,DM,M,38
34382,34383,6,16,2002,14,DM,M,46
34383,34384,6,16,2002,14,OT,M,23
34384,34385,6,16,2002,14,DM,F,47
34385,34386,6,16,2002,14,DM,M,46
34386,34387,6,16,2002,14,NL,M,203
34387,34388,6,16,2002,15,PB,F,37
34388,34389,6,16,2002,15,PB,M,
34389,34390,6,16,2002,15,PP,M,10
34390,34391,6,16,2002,15,PB,M,17
34391,34392,6,16,2002,15,PB,M,26
34392,34393,6,16,2002,15,PP,F,19
34393,34394,6,16,2002,15,PB,F,19
34394,34395,6,16,2002,15,DM,M,35
34395,34396,6,16,2002,15,PB,F,29
34396,34397,6,16,2002,15,PB,F,17
34397,34398,6,16,2002,15,PB,F,16
34398,34399,6,16,2002,15,PP,M,16
34399,34400,6,16,2002,15,PP,M,22
34400,34401,6,16,2002,15,PB,F,26
34401,34402,6,16,2002,15,PP,M,18
34402,34403,6,16,2002,16,PF,F,5
34403,34404,6,16,2002,16,PB,M,24
34404,34405,6,16,2002,16,OT,F,24
34405,34406,6,16,2002,16,PB,M,23
34406,34407,6,16,2002,16,PB,F,27
34407,34408,6,16,2002,5,PE,M,17
34408,34409,6,16,2002,10,,,
34409,34410,7,13,2002,1,PP,F,15
34410,34411,7,13,2002,1,DO,F,40
34411,34412,7,13,2002,1,PB,M,28
34412,34413,7,13,2002,1,PP,F,17
34413,34414,7,13,2002,1,PB,M,23
34414,34415,7,13,2002,1,DM,F,39
34415,34416,7,13,2002,1,PP,F,18
34416,34417,7,13,2002,1,PB,M,44
34417,34418,7,13,2002,1,DM,M,50
34418,34419,7,13,2002,1,PP,F,15
34419,34420,7,13,2002,1,PP,M,21
34420,34421,7,13,2002,1,PP,F,16
34421,34422,7,13,2002,1,PP,F,15
34422,34423,7,13,2002,2,PP,M,22
34423,34424,7,13,2002,2,PB,F,34
34424,34425,7,13,2002,2,PP,F,12
34425,34426,7,13,2002,2,PE,F,22
34426,34427,7,13,2002,2,PB,F,26
34427,34428,7,13,2002,2,DM,F,46
34428,34429,7,13,2002,2,PB,M,35
34429,34430,7,13,2002,2,PP,F,13
34430,34431,7,13,2002,2,DO,M,49
34431,34432,7,13,2002,2,PP,F,18
34432,34433,7,13,2002,2,PP,F,13
34433,34434,7,13,2002,2,PP,M,15
34434,34435,7,13,2002,12,DM,F,47
34435,34436,7,13,2002,12,DO,M,52
34436,34437,7,13,2002,12,DO,M,51
34437,34438,7,13,2002,12,DO,,
34438,34439,7,13,2002,12,PP,F,10
34439,34440,7,13,2002,12,PP,F,18
34440,34441,7,13,2002,12,PI,M,20
34441,34442,7,13,2002,12,NL,F,164
34442,34443,7,13,2002,12,PP,F,21
34443,34444,7,13,2002,12,PB,F,23
34444,34445,7,13,2002,12,PP,M,14
34445,34446,7,13,2002,12,PE,M,23
34446,34447,7,13,2002,12,PP,M,23
34447,34448,7,13,2002,12,PB,M,34
34448,34449,7,13,2002,12,DO,M,56
34449,34450,7,13,2002,19,PP,F,74
34450,34451,7,13,2002,19,PB,M,30
34451,34452,7,13,2002,19,PP,F,17
34452,34453,7,13,2002,19,PP,M,10
34453,34454,7,13,2002,19,PB,M,49
34454,34455,7,13,2002,19,PB,F,34
34455,34456,7,13,2002,19,PB,F,37
34456,34457,7,13,2002,19,OT,F,34
34457,34458,7,13,2002,19,PP,M,18
34458,34459,7,13,2002,19,PP,M,20
34459,34460,7,13,2002,19,PB,M,24
34460,34461,7,13,2002,19,PB,F,30
34461,34462,7,13,2002,19,PB,F,20
34462,34463,7,13,2002,18,PB,F,31
34463,34464,7,13,2002,18,PB,F,27
34464,34465,7,13,2002,18,PB,F,24
34465,34466,7,13,2002,18,PB,F,25
34466,34467,7,13,2002,18,PB,M,
34467,34468,7,13,2002,18,PB,F,35
34468,34469,7,13,2002,18,SH,M,70
34469,34470,7,13,2002,18,PB,F,23
34470,34471,7,13,2002,18,PB,F,25
34471,34472,7,13,2002,18,PB,F,25
34472,34473,7,13,2002,18,PB,F,23
34473,34474,7,13,2002,18,PB,F,31
34474,34475,7,13,2002,17,OT,M,27
34475,34476,7,13,2002,17,PB,M,28
34476,34477,7,13,2002,17,DM,M,54
34477,34478,7,13,2002,17,PP,F,11
34478,34479,7,13,2002,17,PB,F,27
34479,34480,7,13,2002,17,DM,F,49
34480,34481,7,13,2002,17,AH,,
34481,34482,7,13,2002,17,DM,M,42
34482,34483,7,13,2002,17,PP,F,16
34483,34484,7,13,2002,17,PP,M,16
34484,34485,7,13,2002,17,PB,F,26
34485,34486,7,13,2002,17,PB,M,33
34486,34487,7,13,2002,17,PP,F,16
34487,34488,7,13,2002,17,DM,F,52
34488,34489,7,13,2002,17,PB,F,25
34489,34490,7,13,2002,20,PB,F,24
34490,34491,7,13,2002,20,PP,F,15
34491,34492,7,13,2002,20,PB,M,41
34492,34493,7,13,2002,20,PB,M,29
34493,34494,7,13,2002,20,PB,F,30
34494,34495,7,13,2002,20,PE,M,
34495,34496,7,13,2002,20,PP,M,13
34496,34497,7,13,2002,20,PE,M,15
34497,34498,7,13,2002,20,PB,M,40
34498,34499,7,13,2002,20,PB,F,36
34499,34500,7,13,2002,21,PB,F,36
34500,34501,7,13,2002,21,PB,F,24
34501,34502,7,13,2002,21,PB,F,33
34502,34503,7,13,2002,21,PB,F,31
34503,34504,7,13,2002,21,PB,F,27
34504,34505,7,13,2002,21,PB,M,24
34505,34506,7,13,2002,21,PB,F,26
34506,34507,7,13,2002,21,PB,F,24
34507,34508,7,13,2002,21,PB,,
34508,34509,7,13,2002,21,PB,F,30
34509,34510,7,13,2002,22,PB,F,26
34510,34511,7,13,2002,22,PB,M,31
34511,34512,7,13,2002,22,PB,F,27
34512,34513,7,13,2002,22,PB,F,20
34513,34514,7,13,2002,22,PB,F,30
34514,34515,7,13,2002,22,PB,M,26
34515,34516,7,13,2002,22,PB,M,29
34516,34517,7,13,2002,23,RO,M,11
34517,34518,7,13,2002,23,DM,F,48
34518,34519,7,13,2002,23,PE,F,23
34519,34520,7,13,2002,7,OT,F,25
34520,34521,7,13,2002,7,PP,F,17
34521,34522,7,13,2002,7,PP,M,15
34522,34523,7,13,2002,7,PP,F,20
34523,34524,7,13,2002,7,PB,M,16
34524,34525,7,13,2002,7,PP,M,15
34525,34526,7,13,2002,24,PE,F,25
34526,34527,7,13,2002,24,PP,F,15
34527,34528,7,13,2002,24,RM,M,7
34528,34529,7,13,2002,24,NL,F,90
34529,34530,7,13,2002,24,SH,M,74
34530,34531,7,13,2002,24,NL,,
34531,34532,7,14,2002,3,PB,F,34
34532,34533,7,14,2002,3,DM,M,54
34533,34534,7,14,2002,3,PB,F,34
34534,34535,7,14,2002,3,OT,F,28
34535,34536,7,14,2002,3,PP,F,15
34536,34537,7,14,2002,3,PB,M,42
34537,34538,7,14,2002,3,OT,F,28
34538,34539,7,14,2002,3,PP,M,13
34539,34540,7,14,2002,3,PP,M,17
34540,34541,7,14,2002,3,PP,F,18
34541,34542,7,14,2002,3,PB,F,27
34542,34543,7,14,2002,3,PB,F,33
34543,34544,7,14,2002,3,PP,M,16
34544,34545,7,14,2002,3,PB,M,31
34545,34546,7,14,2002,3,PB,M,35
34546,34547,7,14,2002,3,PP,F,16
34547,34548,7,14,2002,4,PB,M,30
34548,34549,7,14,2002,4,PI,M,20
34549,34550,7,14,2002,4,PB,M,25
34550,34551,7,14,2002,4,PP,F,20
34551,34552,7,14,2002,4,DM,F,47
34552,34553,7,14,2002,4,PP,F,15
34553,34554,7,14,2002,4,PB,F,30
34554,34555,7,14,2002,4,PB,M,20
34555,34556,7,14,2002,4,DM,F,54
34556,34557,7,14,2002,4,PP,F,17
34557,34558,7,14,2002,4,PF,F,7
34558,34559,7,14,2002,4,PP,F,17
34559,34560,7,14,2002,4,PB,F,26
34560,34561,7,14,2002,6,PP,F,12
34561,34562,7,14,2002,6,PP,F,19
34562,34563,7,14,2002,6,PP,F,15
34563,34564,7,14,2002,6,PB,M,26
34564,34565,7,14,2002,6,PB,M,42
34565,34566,7,14,2002,6,PP,M,11
34566,34567,7,14,2002,6,PP,M,19
34567,34568,7,14,2002,6,PB,F,22
34568,34569,7,14,2002,6,PB,,
34569,34570,7,14,2002,6,PB,F,38
34570,34571,7,14,2002,6,DO,M,51
34571,34572,7,14,2002,6,PB,F,26
34572,34573,7,14,2002,6,DO,M,39
34573,34574,7,14,2002,6,PB,F,31
34574,34575,7,14,2002,6,UR,,
34575,34576,7,14,2002,6,PB,F,26
34576,34577,7,14,2002,6,PB,F,29
34577,34578,7,14,2002,6,PP,F,18
34578,34579,7,14,2002,6,PB,F,30
34579,34580,7,14,2002,6,PB,F,34
34580,34581,7,14,2002,6,NL,,
34581,34582,7,14,2002,11,DO,M,42
34582,34583,7,14,2002,11,PP,F,13
34583,34584,7,14,2002,11,DO,F,45
34584,34585,7,14,2002,11,DO,M,52
34585,34586,7,14,2002,11,PB,F,33
34586,34587,7,14,2002,11,DO,M,54
34587,34588,7,14,2002,11,PP,M,21
34588,34589,7,14,2002,11,PP,F,14
34589,34590,7,14,2002,11,PP,M,18
34590,34591,7,14,2002,11,PP,M,13
34591,34592,7,14,2002,11,PP,F,12
34592,34593,7,14,2002,11,DO,F,39
34593,34594,7,14,2002,9,OT,F,20
34594,34595,7,14,2002,9,PP,F,19
34595,34596,7,14,2002,9,PP,F,13
34596,34597,7,14,2002,9,PP,F,18
34597,34598,7,14,2002,9,OT,F,23
34598,34599,7,14,2002,9,PP,F,17
34599,34600,7,14,2002,9,PP,F,13
34600,34601,7,14,2002,9,DO,F,47
34601,34602,7,14,2002,9,PP,F,16
34602,34603,7,14,2002,9,DM,M,46
34603,34604,7,14,2002,9,PE,F,21
34604,34605,7,14,2002,9,DM,F,60
34605,34606,7,14,2002,9,PP,F,13
34606,34607,7,14,2002,9,OT,M,25
34607,34608,7,14,2002,9,PP,M,12
34608,34609,7,14,2002,9,DM,M,35
34609,34610,7,14,2002,8,PB,M,13
34610,34611,7,14,2002,8,DO,M,52
34611,34612,7,14,2002,8,PP,F,14
34612,34613,7,14,2002,8,DO,F,47
34613,34614,7,14,2002,8,DM,F,52
34614,34615,7,14,2002,8,PP,M,16
34615,34616,7,14,2002,8,DO,M,47
34616,34617,7,14,2002,8,OT,M,19
34617,34618,7,14,2002,8,DO,M,53
34618,34619,7,14,2002,8,PP,F,13
34619,34620,7,14,2002,8,DO,M,40
34620,34621,7,14,2002,8,PP,F,12
34621,34622,7,14,2002,8,PP,M,12
34622,34623,7,14,2002,8,PP,F,16
34623,34624,7,14,2002,8,PB,F,37
34624,34625,7,14,2002,13,OT,F,21
34625,34626,7,14,2002,13,PP,F,16
34626,34627,7,14,2002,13,PB,M,21
34627,34628,7,14,2002,13,PB,M,42
34628,34629,7,14,2002,13,PB,M,29
34629,34630,7,14,2002,13,PB,M,41
34630,34631,7,14,2002,13,PP,F,11
34631,34632,7,14,2002,13,PB,M,31
34632,34633,7,14,2002,13,PP,M,13
34633,34634,7,14,2002,13,PB,F,39
34634,34635,7,14,2002,13,PB,M,31
34635,34636,7,14,2002,13,PP,F,13
34636,34637,7,14,2002,13,PB,F,25
34637,34638,7,14,2002,14,PP,F,19
34638,34639,7,14,2002,14,DM,F,40
34639,34640,7,14,2002,14,DM,M,50
34640,34641,7,14,2002,14,PP,M,12
34641,34642,7,14,2002,14,PP,M,13
34642,34643,7,14,2002,14,PP,M,
34643,34644,7,14,2002,14,DM,M,47
34644,34645,7,14,2002,14,DM,M,37
34645,34646,7,14,2002,14,PP,M,14
34646,34647,7,14,2002,14,DM,F,41
34647,34648,7,14,2002,15,PP,F,15
34648,34649,7,14,2002,15,PB,F,25
34649,34650,7,14,2002,15,PP,F,17
34650,34651,7,14,2002,15,PP,M,17
34651,34652,7,14,2002,15,PB,F,29
34652,34653,7,14,2002,15,PB,F,29
34653,34654,7,14,2002,15,DM,F,42
34654,34655,7,14,2002,15,PP,F,18
34655,34656,7,14,2002,15,PB,M,29
34656,34657,7,14,2002,15,PB,M,29
34657,34658,7,14,2002,15,SH,M,57
34658,34659,7,14,2002,15,PB,F,23
34659,34660,7,14,2002,15,PP,M,17
34660,34661,7,14,2002,16,OT,F,39
34661,34662,7,14,2002,16,PP,F,16
34662,34663,7,14,2002,16,RM,M,7
34663,34664,7,14,2002,16,AH,,
34664,34665,7,14,2002,16,PE,M,16
34665,34666,7,14,2002,16,PP,M,15
34666,34667,7,14,2002,16,DM,F,45
34667,34668,7,14,2002,5,,,
34668,34669,7,14,2002,10,,,
34669,34670,9,8,2002,1,DO,F,51
34670,34671,9,8,2002,1,PP,F,18
34671,34672,9,8,2002,2,DM,F,45
34672,34673,9,8,2002,2,PP,,
34673,34674,9,8,2002,12,PI,M,21
34674,34675,9,8,2002,12,DO,F,57
34675,34676,9,8,2002,12,DM,F,60
34676,34677,9,8,2002,12,NL,F,210
34677,34678,9,8,2002,19,PB,M,33
34678,34679,9,8,2002,19,PP,M,18
34679,34680,9,8,2002,19,PB,F,36
34680,34681,9,8,2002,18,PB,F,29
34681,34682,9,8,2002,18,PB,F,38
34682,34683,9,8,2002,17,PB,F,30
34683,34684,9,8,2002,17,PP,M,
34684,34685,9,8,2002,17,DM,F,50
34685,34686,9,8,2002,17,PB,F,31
34686,34687,9,8,2002,17,DM,M,47
34687,34688,9,8,2002,17,NL,M,162
34688,34689,9,8,2002,20,PB,F,48
34689,34690,9,8,2002,20,NL,F,202
34690,34691,9,8,2002,21,PB,M,36
34691,34692,9,8,2002,21,PB,F,28
34692,34693,9,8,2002,22,PB,M,30
34693,34694,9,8,2002,22,PB,F,33
34694,34695,9,8,2002,22,PP,M,21
34695,34696,9,8,2002,7,PP,M,19
34696,34697,9,8,2002,24,PP,M,18
34697,34698,9,10,2002,15,PB,F,37
34698,34699,9,10,2002,15,DM,F,
34699,34700,9,10,2002,15,OT,F,31
34700,34701,9,10,2002,15,PB,M,32
34701,34702,9,10,2002,15,PB,F,38
34702,34703,9,10,2002,14,DM,M,55
34703,34704,9,10,2002,14,DM,F,50
34704,34705,9,10,2002,14,DM,F,40
34705,34706,9,10,2002,14,PP,M,17
34706,34707,9,10,2002,14,DM,M,52
34707,34708,9,10,2002,14,DM,M,
34708,34709,9,10,2002,13,PP,M,20
34709,34710,9,10,2002,13,OT,F,
34710,34711,9,10,2002,13,PB,F,42
34711,34712,9,10,2002,13,OT,M,26
34712,34713,9,10,2002,13,PB,M,47
34713,34714,9,10,2002,13,DO,F,64
34714,34715,9,10,2002,13,PB,M,33
34715,34716,9,10,2002,11,DO,F,62
34716,34717,9,10,2002,9,PP,M,18
34717,34718,9,10,2002,9,PP,M,14
34718,34719,9,10,2002,9,PP,F,15
34719,34720,9,10,2002,9,PP,F,18
34720,34721,9,10,2002,9,DM,M,50
34721,34722,9,10,2002,9,DM,M,48
34722,34723,9,10,2002,9,PP,F,18
34723,34724,9,10,2002,9,PP,F,17
34724,34725,9,10,2002,9,DM,M,
34725,34726,9,10,2002,8,PP,M,13
34726,34727,9,10,2002,8,PP,M,19
34727,34728,9,10,2002,8,PP,F,19
34728,34729,9,10,2002,8,PB,F,37
34729,34730,9,10,2002,8,DM,M,45
34730,34731,9,10,2002,8,OT,M,11
34731,34732,9,10,2002,8,DO,F,51
34732,34733,9,10,2002,3,PB,F,46
34733,34734,9,10,2002,3,PB,M,45
34734,34735,9,10,2002,3,PP,M,13
34735,34736,9,10,2002,3,PP,F,18
34736,34737,9,10,2002,3,PP,,
34737,34738,9,10,2002,4,PB,F,29
34738,34739,9,10,2002,4,PP,M,15
34739,34740,9,10,2002,4,DO,F,57
34740,34741,9,10,2002,4,DO,M,53
34741,34742,9,10,2002,4,PP,F,17
34742,34743,9,10,2002,6,PB,F,31
34743,34744,9,10,2002,6,PP,F,17
34744,34745,9,10,2002,6,PB,F,36
34745,34746,9,10,2002,6,PB,M,35
34746,34747,9,10,2002,6,PP,F,20
34747,34748,9,10,2002,6,PB,F,36
34748,34749,9,10,2002,6,AH,,
34749,34750,9,10,2002,16,PP,M,19
34750,34751,9,10,2002,16,PB,F,31
34751,34752,9,10,2002,16,OT,M,15
34752,34753,9,10,2002,16,PB,M,36
34753,34754,9,10,2002,16,OT,F,25
34754,34755,9,10,2002,5,,,
34755,34756,9,10,2002,10,,,
34756,34757,9,10,2002,23,,,
34757,34758,10,5,2002,1,DO,M,40
34758,34759,10,5,2002,1,PB,M,35
34759,34760,10,5,2002,1,PB,F,12
34760,34761,10,5,2002,1,PP,F,10
34761,34762,10,5,2002,1,PP,F,17
34762,34763,10,5,2002,1,PP,F,18
34763,34764,10,5,2002,1,PB,F,26
34764,34765,10,5,2002,1,PP,F,18
34765,34766,10,5,2002,1,PP,F,15
34766,34767,10,5,2002,1,PP,F,22
34767,34768,10,5,2002,1,PP,F,20
34768,34769,10,5,2002,1,PP,F,16
34769,34770,10,5,2002,1,DO,M,51
34770,34771,10,5,2002,1,PP,F,17
34771,34772,10,5,2002,1,PB,F,28
34772,34773,10,5,2002,2,PP,F,16
34773,34774,10,5,2002,2,PP,F,18
34774,34775,10,5,2002,2,PB,F,21
34775,34776,10,5,2002,2,PB,F,27
34776,34777,10,5,2002,2,PB,M,42
34777,34778,10,5,2002,2,PB,F,27
34778,34779,10,5,2002,2,OL,M,27
34779,34780,10,5,2002,2,PB,M,38
34780,34781,10,5,2002,2,PP,F,
34781,34782,10,5,2002,2,PB,M,40
34782,34783,10,5,2002,2,NL,M,226
34783,34784,10,5,2002,17,SS,,
34784,34785,10,5,2002,17,PB,M,32
34785,34786,10,5,2002,17,PB,F,39
34786,34787,10,5,2002,17,PB,F,29
34787,34788,10,5,2002,17,PP,F,15
34788,34789,10,5,2002,17,DM,M,52
34789,34790,10,5,2002,17,PB,,
34790,34791,10,5,2002,17,DM,M,20
34791,34792,10,5,2002,17,DM,F,54
34792,34793,10,5,2002,17,DM,F,50
34793,34794,10,5,2002,17,PP,M,16
34794,34795,10,5,2002,17,PP,F,15
34795,34796,10,5,2002,17,NL,M,200
34796,34797,10,5,2002,18,PB,M,55
34797,34798,10,5,2002,18,PB,F,34
34798,34799,10,5,2002,18,PB,F,29
34799,34800,10,5,2002,18,PB,F,33
34800,34801,10,5,2002,18,PB,F,29
34801,34802,10,5,2002,18,PB,F,31
34802,34803,10,5,2002,18,PB,F,30
34803,34804,10,5,2002,18,PB,F,31
34804,34805,10,5,2002,18,PB,F,30
34805,34806,10,5,2002,18,PB,F,29
34806,34807,10,5,2002,18,PB,F,32
34807,34808,10,5,2002,18,PB,F,27
34808,34809,10,5,2002,19,OT,F,30
34809,34810,10,5,2002,19,PE,F,25
34810,34811,10,5,2002,19,PB,F,21
34811,34812,10,5,2002,19,PB,F,35
34812,34813,10,5,2002,19,PP,F,17
34813,34814,10,5,2002,19,PP,M,15
34814,34815,10,5,2002,19,PB,F,35
34815,34816,10,5,2002,19,PB,M,40
34816,34817,10,5,2002,12,PP,F,13
34817,34818,10,5,2002,12,OT,M,22
34818,34819,10,5,2002,12,DO,F,54
34819,34820,10,5,2002,12,PP,F,17
34820,34821,10,5,2002,12,PB,F,26
34821,34822,10,5,2002,12,DM,M,49
34822,34823,10,5,2002,12,DO,F,57
34823,34824,10,5,2002,12,PP,M,15
34824,34825,10,5,2002,12,PP,F,15
34825,34826,10,5,2002,12,DM,F,50
34826,34827,10,5,2002,12,NL,F,200
34827,34828,10,5,2002,22,PB,F,36
34828,34829,10,5,2002,22,PB,M,36
34829,34830,10,5,2002,22,PB,F,29
34830,34831,10,5,2002,22,PB,F,32
34831,34832,10,5,2002,22,PB,F,24
34832,34833,10,5,2002,22,PB,F,30
34833,34834,10,5,2002,22,PP,F,16
34834,34835,10,5,2002,22,DM,M,57
34835,34836,10,5,2002,22,PB,F,30
34836,34837,10,5,2002,22,PB,M,
34837,34838,10,5,2002,21,PB,F,36
34838,34839,10,5,2002,21,PB,F,33
34839,34840,10,5,2002,21,PB,M,42
34840,34841,10,5,2002,21,PB,M,43
34841,34842,10,5,2002,21,PB,F,26
34842,34843,10,5,2002,21,PB,F,32
34843,34844,10,5,2002,21,PB,M,43
34844,34845,10,5,2002,21,PB,F,31
34845,34846,10,5,2002,21,PB,F,29
34846,34847,10,5,2002,21,PB,M,40
34847,34848,10,5,2002,21,PB,F,35
34848,34849,10,5,2002,21,PB,F,28
34849,34850,10,5,2002,21,PB,M,32
34850,34851,10,5,2002,20,PP,M,
34851,34852,10,5,2002,20,PB,F,30
34852,34853,10,5,2002,20,PB,,
34853,34854,10,5,2002,20,PB,M,45
34854,34855,10,5,2002,20,DM,M,36
34855,34856,10,5,2002,20,PB,M,45
34856,34857,10,5,2002,20,PB,F,31
34857,34858,10,5,2002,20,PB,F,36
34858,34859,10,5,2002,20,PB,M,48
34859,34860,10,5,2002,20,NL,F,190
34860,34861,10,5,2002,7,PP,M,19
34861,34862,10,5,2002,7,PP,M,17
34862,34863,10,5,2002,23,DM,M,55
34863,34864,10,5,2002,24,NL,M,194
34864,34865,10,5,2002,24,PE,F,23
34865,34866,10,5,2002,24,PE,M,20
34866,34867,10,6,2002,3,PB,M,40
34867,34868,10,6,2002,3,PB,M,48
34868,34869,10,6,2002,3,PB,F,32
34869,34870,10,6,2002,3,PB,F,36
34870,34871,10,6,2002,3,PB,F,34
34871,34872,10,6,2002,3,OL,M,24
34872,34873,10,6,2002,3,PB,F,33
34873,34874,10,6,2002,3,PB,F,15
34874,34875,10,6,2002,3,PB,M,39
34875,34876,10,6,2002,3,PP,M,17
34876,34877,10,6,2002,3,PP,M,13
34877,34878,10,6,2002,3,PB,M,44
34878,34879,10,6,2002,3,PB,F,17
34879,34880,10,6,2002,4,PB,F,28
34880,34881,10,6,2002,4,PP,M,13
34881,34882,10,6,2002,4,PF,F,10
34882,34883,10,6,2002,4,PP,F,17
34883,34884,10,6,2002,4,PB,M,43
34884,34885,10,6,2002,4,PB,F,25
34885,34886,10,6,2002,4,PP,M,19
34886,34887,10,6,2002,6,PB,F,28
34887,34888,10,6,2002,6,PP,M,17
34888,34889,10,6,2002,6,PB,F,35
34889,34890,10,6,2002,6,DO,F,48
34890,34891,10,6,2002,6,PP,F,20
34891,34892,10,6,2002,6,PP,M,15
34892,34893,10,6,2002,6,PB,F,21
34893,34894,10,6,2002,6,PB,M,39
34894,34895,10,6,2002,6,PB,F,26
34895,34896,10,6,2002,6,PB,F,29
34896,34897,10,6,2002,6,PB,M,41
34897,34898,10,6,2002,6,PB,F,30
34898,34899,10,6,2002,6,PB,M,31
34899,34900,10,6,2002,6,PB,F,36
34900,34901,10,6,2002,11,PB,F,34
34901,34902,10,6,2002,11,PP,F,19
34902,34903,10,6,2002,11,OT,F,33
34903,34904,10,6,2002,11,PP,F,16
34904,34905,10,6,2002,11,DO,M,32
34905,34906,10,6,2002,11,DO,F,50
34906,34907,10,6,2002,9,DM,M,50
34907,34908,10,6,2002,9,PB,M,42
34908,34909,10,6,2002,9,OT,M,24
34909,34910,10,6,2002,9,DM,F,41
34910,34911,10,6,2002,9,PP,M,20
34911,34912,10,6,2002,9,DM,M,51
34912,34913,10,6,2002,9,PP,M,15
34913,34914,10,6,2002,9,PP,F,17
34914,34915,10,6,2002,9,PP,F,17
34915,34916,10,6,2002,9,DM,M,50
34916,34917,10,6,2002,8,DO,M,61
34917,34918,10,6,2002,8,PB,F,36
34918,34919,10,6,2002,8,OT,F,23
34919,34920,10,6,2002,8,PP,F,19
34920,34921,10,6,2002,8,PP,M,18
34921,34922,10,6,2002,8,DO,F,56
34922,34923,10,6,2002,8,PP,F,14
34923,34924,10,6,2002,8,DO,M,60
34924,34925,10,6,2002,8,PP,M,16
34925,34926,10,6,2002,15,DM,F,46
34926,34927,10,6,2002,15,PB,F,
34927,34928,10,6,2002,15,PB,F,22
34928,34929,10,6,2002,15,PB,F,32
34929,34930,10,6,2002,15,AH,,
34930,34931,10,6,2002,15,PB,F,31
34931,34932,10,6,2002,15,PB,F,33
34932,34933,10,6,2002,15,PP,F,16
34933,34934,10,6,2002,15,PB,F,27
34934,34935,10,6,2002,15,PB,M,35
34935,34936,10,6,2002,15,DM,M,45
34936,34937,10,6,2002,15,PE,F,28
34937,34938,10,6,2002,15,PP,F,19
34938,34939,10,6,2002,14,DM,F,44
34939,34940,10,6,2002,14,DM,M,52
34940,34941,10,6,2002,14,DM,M,54
34941,34942,10,6,2002,14,DM,M,55
34942,34943,10,6,2002,14,DM,M,33
34943,34944,10,6,2002,14,DM,M,52
34944,34945,10,6,2002,14,DM,M,32
34945,34946,10,6,2002,14,OT,M,19
34946,34947,10,6,2002,14,PP,M,17
34947,34948,10,6,2002,14,PP,M,16
34948,34949,10,6,2002,14,PP,M,17
34949,34950,10,6,2002,14,DM,F,43
34950,34951,10,6,2002,14,DM,F,
34951,34952,10,6,2002,14,DM,F,46
34952,34953,10,6,2002,13,PB,F,27
34953,34954,10,6,2002,13,PB,M,43
34954,34955,10,6,2002,13,PB,F,29
34955,34956,10,6,2002,13,PB,F,42
34956,34957,10,6,2002,13,PB,M,34
34957,34958,10,6,2002,13,DO,M,60
34958,34959,10,6,2002,13,PB,M,47
34959,34960,10,6,2002,13,PB,F,32
34960,34961,10,6,2002,13,DO,F,64
34961,34962,10,6,2002,13,PP,F,18
34962,34963,10,6,2002,16,PP,M,20
34963,34964,10,6,2002,16,OT,M,22
34964,34965,10,6,2002,16,PP,M,20
34965,34966,10,6,2002,16,PB,M,35
34966,34967,10,6,2002,16,PP,F,
34967,34968,10,6,2002,5,PP,F,14
34968,34969,10,6,2002,5,PE,F,24
34969,34970,10,6,2002,10,,,
34970,34971,11,9,2002,1,PB,M,45
34971,34972,11,9,2002,1,PP,F,18
34972,34973,11,9,2002,1,PP,M,17
34973,34974,11,9,2002,1,OT,F,28
34974,34975,11,9,2002,1,PP,F,18
34975,34976,11,9,2002,1,PP,F,16
34976,34977,11,9,2002,1,PP,M,16
34977,34978,11,9,2002,1,PB,F,31
34978,34979,11,9,2002,1,PP,F,18
34979,34980,11,9,2002,1,OT,M,23
34980,34981,11,9,2002,1,DO,M,51
34981,34982,11,9,2002,2,PB,F,27
34982,34983,11,9,2002,2,OT,F,24
34983,34984,11,9,2002,2,PP,M,14
34984,34985,11,9,2002,2,DM,M,55
34985,34986,11,9,2002,2,PB,M,44
34986,34987,11,9,2002,2,DM,M,45
34987,34988,11,9,2002,2,PP,F,15
34988,34989,11,9,2002,2,PB,F,27
34989,34990,11,9,2002,2,SH,M,
34990,34991,11,9,2002,2,NL,M,238
34991,34992,11,9,2002,17,OT,F,30
34992,34993,11,9,2002,17,PB,F,32
34993,34994,11,9,2002,17,PB,F,38
34994,34995,11,9,2002,17,PB,F,30
34995,34996,11,9,2002,17,DM,M,47
34996,34997,11,9,2002,17,DM,M,44
34997,34998,11,9,2002,17,PB,M,44
34998,34999,11,9,2002,17,PB,F,29
34999,35000,11,9,2002,17,OT,M,27
35000,35001,11,9,2002,17,PB,M,31
35001,35002,11,9,2002,17,PB,F,25
35002,35003,11,9,2002,17,PB,F,
35003,35004,11,9,2002,17,DM,M,46
35004,35005,11,9,2002,18,PB,F,24
35005,35006,11,9,2002,18,PB,F,29
35006,35007,11,9,2002,18,PE,M,22
35007,35008,11,9,2002,18,PB,F,35
35008,35009,11,9,2002,18,PB,M,48
35009,35010,11,9,2002,18,PE,F,18
35010,35011,11,9,2002,18,PB,F,29
35011,35012,11,9,2002,18,OL,M,
35012,35013,11,9,2002,18,PB,F,29
35013,35014,11,9,2002,18,PB,F,31
35014,35015,11,9,2002,18,PB,F,30
35015,35016,11,9,2002,18,PB,F,30
35016,35017,11,9,2002,18,PB,,
35017,35018,11,9,2002,19,PB,M,35
35018,35019,11,9,2002,19,PP,F,13
35019,35020,11,9,2002,19,OT,F,12
35020,35021,11,9,2002,19,PP,M,15
35021,35022,11,9,2002,19,PP,F,18
35022,35023,11,9,2002,19,PB,F,31
35023,35024,11,9,2002,19,PB,M,
35024,35025,11,9,2002,19,PB,F,24
35025,35026,11,9,2002,19,PB,F,34
35026,35027,11,9,2002,12,AH,,
35027,35028,11,9,2002,12,PP,M,17
35028,35029,11,9,2002,12,DO,F,54
35029,35030,11,9,2002,12,DO,M,38
35030,35031,11,9,2002,12,OT,M,24
35031,35032,11,9,2002,12,PB,M,51
35032,35033,11,9,2002,12,SF,M,92
35033,35034,11,9,2002,12,DM,F,51
35034,35035,11,9,2002,12,PB,F,31
35035,35036,11,9,2002,12,NL,F,188
35036,35037,11,9,2002,22,PB,M,43
35037,35038,11,9,2002,22,PB,F,30
35038,35039,11,9,2002,22,PB,M,34
35039,35040,11,9,2002,22,PB,F,29
35040,35041,11,9,2002,22,PB,M,43
35041,35042,11,9,2002,22,PB,F,27
35042,35043,11,9,2002,22,PB,F,23
35043,35044,11,9,2002,22,PB,M,36
35044,35045,11,9,2002,22,PB,F,26
35045,35046,11,9,2002,21,PB,M,31
35046,35047,11,9,2002,21,PB,M,45
35047,35048,11,9,2002,21,PB,F,30
35048,35049,11,9,2002,21,PB,F,35
35049,35050,11,9,2002,21,PB,F,28
35050,35051,11,9,2002,21,PB,M,42
35051,35052,11,9,2002,21,PB,F,30
35052,35053,11,9,2002,21,PB,F,25
35053,35054,11,9,2002,21,PB,M,40
35054,35055,11,9,2002,21,PB,F,32
35055,35056,11,9,2002,21,PB,M,45
35056,35057,11,9,2002,21,PB,F,28
35057,35058,11,9,2002,20,PB,M,49
35058,35059,11,9,2002,20,PB,F,25
35059,35060,11,9,2002,20,PB,M,38
35060,35061,11,9,2002,20,PB,F,26
35061,35062,11,9,2002,20,PB,F,29
35062,35063,11,9,2002,20,PE,F,24
35063,35064,11,9,2002,20,OT,M,13
35064,35065,11,9,2002,20,PB,F,36
35065,35066,11,9,2002,20,PB,M,48
35066,35067,11,9,2002,20,PB,M,44
35067,35068,11,9,2002,24,RM,F,16
35068,35069,11,9,2002,24,PB,F,30
35069,35070,11,9,2002,24,PE,M,23
35070,35071,11,9,2002,24,PE,F,30
35071,35072,11,9,2002,24,PB,F,24
35072,35073,11,9,2002,23,PB,M,34
35073,35074,11,9,2002,23,RM,F,14
35074,35075,11,9,2002,7,PE,F,30
35075,35076,11,10,2002,6,PB,M,45
35076,35077,11,10,2002,6,PB,M,31
35077,35078,11,10,2002,6,PB,F,39
35078,35079,11,10,2002,6,DO,F,61
35079,35080,11,10,2002,6,PP,M,14
35080,35081,11,10,2002,6,PB,F,25
35081,35082,11,10,2002,6,DO,M,46
35082,35083,11,10,2002,6,OT,M,23
35083,35084,11,10,2002,11,DM,M,32
35084,35085,11,10,2002,11,DM,M,32
35085,35086,11,10,2002,11,PP,M,15
35086,35087,11,10,2002,11,PP,M,17
35087,35088,11,10,2002,11,PP,M,17
35088,35089,11,10,2002,11,DM,F,
35089,35090,11,10,2002,11,OL,M,27
35090,35091,11,10,2002,11,OT,F,21
35091,35092,11,10,2002,11,PP,M,15
35092,35093,11,10,2002,11,DO,M,62
35093,35094,11,10,2002,11,PB,F,33
35094,35095,11,10,2002,11,PP,M,17
35095,35096,11,10,2002,11,DO,F,56
35096,35097,11,10,2002,11,OT,M,26
35097,35098,11,10,2002,9,DM,F,41
35098,35099,11,10,2002,9,OT,F,26
35099,35100,11,10,2002,9,DM,M,49
35100,35101,11,10,2002,9,PF,M,7
35101,35102,11,10,2002,3,PB,F,38
35102,35103,11,10,2002,3,PB,M,49
35103,35104,11,10,2002,3,PB,F,28
35104,35105,11,10,2002,3,PB,F,23
35105,35106,11,10,2002,3,PB,F,30
35106,35107,11,10,2002,3,PB,F,25
35107,35108,11,10,2002,3,PB,F,33
35108,35109,11,10,2002,3,PB,M,49
35109,35110,11,10,2002,3,PB,M,45
35110,35111,11,10,2002,3,PB,M,44
35111,35112,11,10,2002,3,PP,M,18
35112,35113,11,10,2002,3,PB,F,24
35113,35114,11,10,2002,4,DO,M,41
35114,35115,11,10,2002,4,PP,M,14
35115,35116,11,10,2002,4,DO,M,40
35116,35117,11,10,2002,4,PP,M,17
35117,35118,11,10,2002,4,DO,F,60
35118,35119,11,10,2002,4,PB,F,28
35119,35120,11,10,2002,4,DO,M,50
35120,35121,11,10,2002,4,PB,M,46
35121,35122,11,10,2002,4,PP,M,14
35122,35123,11,10,2002,4,OT,M,21
35123,35124,11,10,2002,6,PB,F,30
35124,35125,11,10,2002,6,PB,F,39
35125,35126,11,10,2002,6,PB,F,26
35126,35127,11,10,2002,6,PB,M,46
35127,35128,11,10,2002,6,PB,F,28
35128,35129,11,10,2002,6,PP,M,17
35129,35130,11,10,2002,6,PB,F,30
35130,35131,11,10,2002,6,PB,F,24
35131,35132,11,10,2002,9,OT,M,22
35132,35133,11,10,2002,9,DM,M,47
35133,35134,11,10,2002,9,DM,M,48
35134,35135,11,10,2002,9,OL,M,21
35135,35136,11,10,2002,9,PB,F,28
35136,35137,11,10,2002,9,DM,M,53
35137,35138,11,10,2002,9,SS,,
35138,35139,11,10,2002,9,PB,F,
35139,35140,11,10,2002,8,OT,F,25
35140,35141,11,10,2002,8,PB,F,37
35141,35142,11,10,2002,8,DO,M,62
35142,35143,11,10,2002,8,PB,F,24
35143,35144,11,10,2002,8,DO,M,57
35144,35145,11,10,2002,8,PB,F,27
35145,35146,11,10,2002,8,OT,M,20
35146,35147,11,10,2002,8,DO,M,63
35147,35148,11,10,2002,8,PP,F,14
35148,35149,11,10,2002,8,DO,M,43
35149,35150,11,10,2002,13,PB,F,35
35150,35151,11,10,2002,13,PB,M,22
35151,35152,11,10,2002,13,PB,M,44
35152,35153,11,10,2002,13,DO,M,57
35153,35154,11,10,2002,13,PB,M,53
35154,35155,11,10,2002,13,PB,F,36
35155,35156,11,10,2002,13,OT,M,18
35156,35157,11,10,2002,13,PB,M,43
35157,35158,11,10,2002,13,PB,F,18
35158,35159,11,10,2002,13,PB,F,20
35159,35160,11,10,2002,13,DO,F,65
35160,35161,11,10,2002,13,OT,F,26
35161,35162,11,10,2002,13,PB,M,34
35162,35163,11,10,2002,13,OT,M,23
35163,35164,11,10,2002,14,DM,F,45
35164,35165,11,10,2002,14,DM,M,53
35165,35166,11,10,2002,14,DM,M,52
35166,35167,11,10,2002,14,DM,F,43
35167,35168,11,10,2002,14,DM,M,50
35168,35169,11,10,2002,14,AH,,
35169,35170,11,10,2002,14,DM,M,51
35170,35171,11,10,2002,14,DM,F,44
35171,35172,11,10,2002,14,PF,F,7
35172,35173,11,10,2002,15,PB,F,27
35173,35174,11,10,2002,15,PB,F,31
35174,35175,11,10,2002,15,DO,F,42
35175,35176,11,10,2002,15,PB,F,36
35176,35177,11,10,2002,15,PB,F,33
35177,35178,11,10,2002,15,PB,F,30
35178,35179,11,10,2002,15,PB,F,22
35179,35180,11,10,2002,15,PB,M,38
35180,35181,11,10,2002,16,DO,F,56
35181,35182,11,10,2002,16,PB,F,31
35182,35183,11,10,2002,16,PP,M,18
35183,35184,11,10,2002,16,PB,F,29
35184,35185,11,10,2002,16,OT,F,24
35185,35186,11,10,2002,16,DO,M,42
35186,35187,11,10,2002,5,OT,F,17
35187,35188,11,10,2002,10,,,
35188,35189,12,7,2002,1,PB,M,37
35189,35190,12,7,2002,1,OT,M,14
35190,35191,12,7,2002,1,DO,F,24
35191,35192,12,7,2002,1,OT,F,19
35192,35193,12,7,2002,1,PB,M,14
35193,35194,12,7,2002,1,PB,F,22
35194,35195,12,7,2002,1,DO,M,42
35195,35196,12,7,2002,1,DO,F,30
35196,35197,12,7,2002,1,DO,F,45
35197,35198,12,7,2002,1,OT,M,13
35198,35199,12,7,2002,1,NL,F,196
35199,35200,12,7,2002,1,DO,M,49
35200,35201,12,7,2002,2,PE,F,28
35201,35202,12,7,2002,2,PP,M,14
35202,35203,12,7,2002,2,PB,F,27
35203,35204,12,7,2002,2,OT,M,19
35204,35205,12,7,2002,2,PB,F,28
35205,35206,12,7,2002,2,PB,F,28
35206,35207,12,7,2002,2,PB,M,38
35207,35208,12,7,2002,2,PB,M,43
35208,35209,12,7,2002,2,PE,M,21
35209,35210,12,7,2002,2,DM,M,48
35210,35211,12,7,2002,2,PB,M,41
35211,35212,12,7,2002,2,NL,M,248
35212,35213,12,7,2002,17,OT,M,25
35213,35214,12,7,2002,17,DM,M,46
35214,35215,12,7,2002,17,PB,F,29
35215,35216,12,7,2002,17,PB,M,30
35216,35217,12,7,2002,17,DM,M,46
35217,35218,12,7,2002,17,DM,M,40
35218,35219,12,7,2002,17,DM,F,44
35219,35220,12,7,2002,17,PB,F,30
35220,35221,12,7,2002,17,PB,F,38
35221,35222,12,7,2002,17,PB,F,31
35222,35223,12,7,2002,18,PB,F,31
35223,35224,12,7,2002,18,PB,F,28
35224,35225,12,7,2002,18,PB,F,33
35225,35226,12,7,2002,18,PB,F,23
35226,35227,12,7,2002,18,PB,F,28
35227,35228,12,7,2002,18,PB,F,31
35228,35229,12,7,2002,18,PB,F,28
35229,35230,12,7,2002,18,PB,F,29
35230,35231,12,7,2002,18,NL,F,154
35231,35232,12,7,2002,19,PB,F,34
35232,35233,12,7,2002,19,PB,M,51
35233,35234,12,7,2002,19,PB,F,25
35234,35235,12,7,2002,19,PB,F,32
35235,35236,12,7,2002,19,PB,M,38
35236,35237,12,7,2002,19,PP,F,13
35237,35238,12,7,2002,19,PB,M,34
35238,35239,12,7,2002,19,PB,M,31
35239,35240,12,7,2002,19,DM,M,46
35240,35241,12,7,2002,12,DO,F,52
35241,35242,12,7,2002,12,DM,M,33
35242,35243,12,7,2002,12,DO,M,48
35243,35244,12,7,2002,12,PB,F,30
35244,35245,12,7,2002,12,DM,F,46
35245,35246,12,7,2002,12,PB,M,43
35246,35247,12,7,2002,12,PP,M,14
35247,35248,12,7,2002,12,PE,F,23
35248,35249,12,7,2002,12,NL,F,212
35249,35250,12,7,2002,22,PB,F,24
35250,35251,12,7,2002,22,PB,M,37
35251,35252,12,7,2002,22,PB,M,39
35252,35253,12,7,2002,22,DM,M,41
35253,35254,12,7,2002,22,PB,F,27
35254,35255,12,7,2002,22,PB,M,35
35255,35256,12,7,2002,22,PB,F,32
35256,35257,12,7,2002,22,PB,M,
35257,35258,12,7,2002,22,PB,M,43
35258,35259,12,7,2002,22,PB,M,34
35259,35260,12,7,2002,21,PB,F,
35260,35261,12,7,2002,21,PB,M,41
35261,35262,12,7,2002,21,PB,F,27
35262,35263,12,7,2002,21,PB,M,37
35263,35264,12,7,2002,21,PB,F,26
35264,35265,12,7,2002,21,PB,F,31
35265,35266,12,7,2002,21,PB,F,30
35266,35267,12,7,2002,21,PB,F,34
35267,35268,12,7,2002,21,PB,M,29
35268,35269,12,7,2002,20,OT,M,23
35269,35270,12,7,2002,20,PB,F,26
35270,35271,12,7,2002,20,PB,F,34
35271,35272,12,7,2002,20,PB,M,47
35272,35273,12,7,2002,20,PB,F,24
35273,35274,12,7,2002,20,PB,F,27
35274,35275,12,7,2002,20,PB,M,38
35275,35276,12,7,2002,20,PP,F,15
35276,35277,12,7,2002,20,PB,F,27
35277,35278,12,7,2002,20,AH,,
35278,35279,12,7,2002,16,OT,F,23
35279,35280,12,7,2002,16,PB,M,
35280,35281,12,7,2002,23,PP,M,15
35281,35282,12,7,2002,23,OT,M,28
35282,35283,12,7,2002,24,PE,F,25
35283,35284,12,7,2002,24,NL,M,225
35284,35285,12,8,2002,3,PB,F,26
35285,35286,12,8,2002,3,PB,F,38
35286,35287,12,8,2002,3,PB,F,29
35287,35288,12,8,2002,3,PB,F,36
35288,35289,12,8,2002,3,PB,M,49
35289,35290,12,8,2002,3,PB,F,30
35290,35291,12,8,2002,3,PB,F,25
35291,35292,12,8,2002,3,PB,M,43
35292,35293,12,8,2002,3,PB,F,26
35293,35294,12,8,2002,3,PB,F,34
35294,35295,12,8,2002,3,PB,M,46
35295,35296,12,8,2002,4,PP,M,14
35296,35297,12,8,2002,4,DO,M,33
35297,35298,12,8,2002,4,DO,M,45
35298,35299,12,8,2002,4,PB,F,24
35299,35300,12,8,2002,4,PB,F,29
35300,35301,12,8,2002,4,PF,M,6
35301,35302,12,8,2002,4,PP,M,14
35302,35303,12,8,2002,4,DO,M,54
35303,35304,12,8,2002,4,DO,F,52
35304,35305,12,8,2002,4,OT,M,21
35305,35306,12,8,2002,4,OT,F,22
35306,35307,12,8,2002,6,OT,M,21
35307,35308,12,8,2002,6,PF,F,6
35308,35309,12,8,2002,6,PB,F,27
35309,35310,12,8,2002,6,DO,F,50
35310,35311,12,8,2002,6,PB,M,45
35311,35312,12,8,2002,6,PB,F,30
35312,35313,12,8,2002,6,PB,F,30
35313,35314,12,8,2002,6,PB,F,27
35314,35315,12,8,2002,6,PB,F,26
35315,35316,12,8,2002,6,PB,F,38
35316,35317,12,8,2002,6,PB,M,33
35317,35318,12,8,2002,6,PB,M,45
35318,35319,12,8,2002,6,DO,M,49
35319,35320,12,8,2002,6,OT,F,24
35320,35321,12,8,2002,6,PB,F,37
35321,35322,12,8,2002,11,PB,F,32
35322,35323,12,8,2002,11,AH,,
35323,35324,12,8,2002,11,DM,F,41
35324,35325,12,8,2002,11,PP,M,18
35325,35326,12,8,2002,11,DO,F,53
35326,35327,12,8,2002,11,DM,M,38
35327,35328,12,8,2002,11,OL,M,27
35328,35329,12,8,2002,11,PP,M,16
35329,35330,12,8,2002,11,OT,F,23
35330,35331,12,8,2002,11,PB,M,32
35331,35332,12,8,2002,11,PP,M,17
35332,35333,12,8,2002,11,PB,F,26
35333,35334,12,8,2002,11,SF,F,82
35334,35335,12,8,2002,11,DO,F,59
35335,35336,12,8,2002,9,PB,F,30
35336,35337,12,8,2002,9,OT,M,25
35337,35338,12,8,2002,9,DM,M,48
35338,35339,12,8,2002,9,DM,M,52
35339,35340,12,8,2002,9,DM,M,49
35340,35341,12,8,2002,9,DM,F,42
35341,35342,12,8,2002,9,OT,F,28
35342,35343,12,8,2002,9,PB,F,24
35343,35344,12,8,2002,9,DM,M,50
35344,35345,12,8,2002,9,PB,M,24
35345,35346,12,8,2002,8,DO,M,63
35346,35347,12,8,2002,8,DO,M,60
35347,35348,12,8,2002,8,DO,F,51
35348,35349,12,8,2002,8,PB,F,25
35349,35350,12,8,2002,8,DO,M,57
35350,35351,12,8,2002,8,DO,M,44
35351,35352,12,8,2002,8,PB,F,27
35352,35353,12,8,2002,8,PB,F,26
35353,35354,12,8,2002,8,OT,M,21
35354,35355,12,8,2002,8,PB,F,30
35355,35356,12,8,2002,13,PB,M,33
35356,35357,12,8,2002,13,PB,F,36
35357,35358,12,8,2002,13,PB,M,49
35358,35359,12,8,2002,13,DO,M,39
35359,35360,12,8,2002,13,OT,M,22
35360,35361,12,8,2002,13,PB,M,42
35361,35362,12,8,2002,13,DO,F,56
35362,35363,12,8,2002,13,PB,F,35
35363,35364,12,8,2002,14,DM,F,49
35364,35365,12,8,2002,14,DM,F,48
35365,35366,12,8,2002,14,DM,M,50
35366,35367,12,8,2002,14,DM,M,53
35367,35368,12,8,2002,14,DM,F,41
35368,35369,12,8,2002,14,DM,F,47
35369,35370,12,8,2002,14,DM,M,50
35370,35371,12,8,2002,14,AH,,
35371,35372,12,8,2002,15,PB,F,38
35372,35373,12,8,2002,15,PB,F,25
35373,35374,12,8,2002,15,PE,F,20
35374,35375,12,8,2002,15,PB,M,36
35375,35376,12,8,2002,15,PB,F,31
35376,35377,12,8,2002,15,PB,M,38
35377,35378,12,8,2002,15,PB,F,29
35378,35379,12,8,2002,15,PB,F,
35379,35380,12,8,2002,15,PB,F,32
35380,35381,12,8,2002,15,PB,F,30
35381,35382,12,8,2002,7,PB,M,30
35382,35383,12,8,2002,5,PP,M,19
35383,35384,12,8,2002,5,OT,F,22
35384,35385,12,8,2002,10,,,
35385,35386,12,29,2002,1,PB,M,48
35386,35387,12,29,2002,1,OT,M,22
35387,35388,12,29,2002,1,DO,M,
35388,35389,12,29,2002,1,DO,F,53
35389,35390,12,29,2002,1,DO,M,52
35390,35391,12,29,2002,1,DO,F,52
35391,35392,12,29,2002,1,DO,F,40
35392,35393,12,29,2002,1,PP,F,19
35393,35394,12,29,2002,2,PB,M,49
35394,35395,12,29,2002,2,OT,M,23
35395,35396,12,29,2002,2,PB,M,46
35396,35397,12,29,2002,2,DM,F,34
35397,35398,12,29,2002,2,PB,F,27
35398,35399,12,29,2002,2,PB,F,29
35399,35400,12,29,2002,2,PB,M,36
35400,35401,12,29,2002,2,PP,M,14
35401,35402,12,29,2002,2,RO,F,12
35402,35403,12,29,2002,2,PB,M,39
35403,35404,12,29,2002,2,NL,F,
35404,35405,12,29,2002,2,PB,F,26
35405,35406,12,29,2002,2,PB,M,44
35406,35407,12,29,2002,2,PB,M,37
35407,35408,12,29,2002,2,PP,M,13
35408,35409,12,29,2002,12,PB,F,30
35409,35410,12,29,2002,12,DM,F,48
35410,35411,12,29,2002,12,DO,M,58
35411,35412,12,29,2002,12,DM,M,36
35412,35413,12,29,2002,12,DO,F,49
35413,35414,12,29,2002,12,DO,M,51
35414,35415,12,29,2002,12,NL,F,200
35415,35416,12,29,2002,19,PB,F,26
35416,35417,12,29,2002,19,SF,M,45
35417,35418,12,29,2002,19,PP,M,15
35418,35419,12,29,2002,19,PB,F,35
35419,35420,12,29,2002,19,RO,M,10
35420,35421,12,29,2002,19,PB,M,35
35421,35422,12,29,2002,19,PB,F,33
35422,35423,12,29,2002,19,PB,F,26
35423,35424,12,29,2002,19,PP,M,16
35424,35425,12,29,2002,19,PE,M,22
35425,35426,12,29,2002,18,PB,F,30
35426,35427,12,29,2002,18,PB,F,32
35427,35428,12,29,2002,18,PB,F,29
35428,35429,12,29,2002,18,PB,M,49
35429,35430,12,29,2002,18,PB,F,29
35430,35431,12,29,2002,18,PB,F,25
35431,35432,12,29,2002,18,PB,F,28
35432,35433,12,29,2002,18,PB,F,27
35433,35434,12,29,2002,18,PB,F,30
35434,35435,12,29,2002,18,NL,F,150
35435,35436,12,29,2002,17,DM,F,32
35436,35437,12,29,2002,17,DM,M,42
35437,35438,12,29,2002,17,PB,F,31
35438,35439,12,29,2002,17,PB,F,29
35439,35440,12,29,2002,17,DM,F,44
35440,35441,12,29,2002,17,DM,M,47
35441,35442,12,29,2002,17,PB,F,30
35442,35443,12,29,2002,17,PB,F,38
35443,35444,12,29,2002,17,DM,F,47
35444,35445,12,29,2002,17,DM,M,39
35445,35446,12,29,2002,17,PB,M,33
35446,35447,12,29,2002,17,PB,F,29
35447,35448,12,29,2002,17,PB,M,45
35448,35449,12,29,2002,20,OT,F,
35449,35450,12,29,2002,20,PB,M,42
35450,35451,12,29,2002,20,PB,F,25
35451,35452,12,29,2002,20,PB,M,47
35452,35453,12,29,2002,20,PB,M,
35453,35454,12,29,2002,20,PB,F,29
35454,35455,12,29,2002,20,PB,F,26
35455,35456,12,29,2002,20,PB,M,45
35456,35457,12,29,2002,20,PB,F,32
35457,35458,12,29,2002,20,AH,,
35458,35459,12,29,2002,20,NL,F,148
35459,35460,12,29,2002,21,PB,F,29
35460,35461,12,29,2002,21,PB,M,42
35461,35462,12,29,2002,21,PB,F,26
35462,35463,12,29,2002,21,PB,M,31
35463,35464,12,29,2002,21,PB,F,35
35464,35465,12,29,2002,21,PB,F,30
35465,35466,12,29,2002,21,PB,F,27
35466,35467,12,29,2002,21,PB,F,26
35467,35468,12,29,2002,22,PB,M,35
35468,35469,12,29,2002,22,DM,M,41
35469,35470,12,29,2002,22,PB,M,46
35470,35471,12,29,2002,22,PB,F,26
35471,35472,12,29,2002,22,PB,M,39
35472,35473,12,29,2002,22,PB,M,39
35473,35474,12,29,2002,22,OL,M,26
35474,35475,12,29,2002,22,SF,M,50
35475,35476,12,29,2002,22,PB,M,36
35476,35477,12,29,2002,22,PB,F,30
35477,35478,12,29,2002,24,AH,,
35478,35479,12,29,2002,24,NL,M,224
35479,35480,12,29,2002,16,OT,F,23
35480,35481,12,29,2002,16,PB,M,31
35481,35482,12,29,2002,16,DO,M,47
35482,35483,12,29,2002,16,DO,M,61
35483,35484,12,29,2002,16,OT,M,26
35484,35485,12,29,2002,16,DO,F,46
35485,35486,12,29,2002,16,DO,M,
35486,35487,12,29,2002,23,RO,F,13
35487,35488,12,29,2002,23,PE,F,23
35488,35489,12,29,2002,23,PB,F,24
35489,35490,12,31,2002,3,PE,F,19
35490,35491,12,31,2002,3,PB,M,46
35491,35492,12,31,2002,3,PB,F,26
35492,35493,12,31,2002,3,PB,F,34
35493,35494,12,31,2002,3,PB,M,43
35494,35495,12,31,2002,3,OT,F,27
35495,35496,12,31,2002,4,PB,,
35496,35497,12,31,2002,4,DO,F,53
35497,35498,12,31,2002,4,DO,M,47
35498,35499,12,31,2002,4,PB,F,28
35499,35500,12,31,2002,4,PB,F,28
35500,35501,12,31,2002,4,DO,M,48
35501,35502,12,31,2002,4,PP,M,16
35502,35503,12,31,2002,6,DO,M,32
35503,35504,12,31,2002,6,PB,F,27
35504,35505,12,31,2002,6,OT,F,24
35505,35506,12,31,2002,6,PF,M,8
35506,35507,12,31,2002,6,PB,F,36
35507,35508,12,31,2002,6,PB,F,35
35508,35509,12,31,2002,6,PB,M,47
35509,35510,12,31,2002,6,PB,F,30
35510,35511,12,31,2002,11,DX,,
35511,35512,12,31,2002,11,US,,
35512,35513,12,31,2002,11,US,,
35513,35514,12,31,2002,11,PP,M,18
35514,35515,12,31,2002,11,SF,F,
35515,35516,12,31,2002,11,DO,F,52
35516,35517,12,31,2002,11,DM,F,42
35517,35518,12,31,2002,11,DO,M,38
35518,35519,12,31,2002,9,DM,M,49
35519,35520,12,31,2002,9,SF,,36
35520,35521,12,31,2002,9,DM,M,48
35521,35522,12,31,2002,9,DM,F,45
35522,35523,12,31,2002,9,DM,F,44
35523,35524,12,31,2002,9,PB,F,27
35524,35525,12,31,2002,9,OL,M,26
35525,35526,12,31,2002,8,OT,F,24
35526,35527,12,31,2002,13,DO,F,43
35527,35528,12,31,2002,13,US,,
35528,35529,12,31,2002,13,PB,F,25
35529,35530,12,31,2002,13,OT,F,
35530,35531,12,31,2002,13,PB,F,
35531,35532,12,31,2002,14,DM,F,43
35532,35533,12,31,2002,14,DM,F,48
35533,35534,12,31,2002,14,DM,M,56
35534,35535,12,31,2002,14,DM,M,53
35535,35536,12,31,2002,14,DM,F,42
35536,35537,12,31,2002,14,DM,F,46
35537,35538,12,31,2002,15,PB,F,31
35538,35539,12,31,2002,15,SF,M,68
35539,35540,12,31,2002,15,PB,F,23
35540,35541,12,31,2002,15,PB,F,31
35541,35542,12,31,2002,15,PB,F,29
35542,35543,12,31,2002,15,PB,F,34
35543,35544,12,31,2002,15,US,,
35544,35545,12,31,2002,15,AH,,
35545,35546,12,31,2002,15,AH,,
35546,35547,12,31,2002,10,RM,F,14
35547,35548,12,31,2002,7,DO,M,51
35548,35549,12,31,2002,5,,,
